item_url,keyword,name,price,shop_name,shop_url
,小鸟的晨歌,,,,
,小鸟的晨歌,,,,
,小鸟的晨歌,,,,
,小鸟的晨歌,,,,
,穿浅蓝格子衫的太阳,,,,
,穿浅蓝格子衫的太阳,,,,
,小鸟的晨歌,,,,
,小鸟的晨歌,,,,
,穿浅蓝格子衫的太阳,,,,
,穿浅蓝格子衫的太阳,,,,
,100只兔子想唱歌,,,,
,100只兔子想唱歌,,,,
,小鸟的晨歌,,,,
,小鸟的晨歌,,,,
,穿浅蓝格子衫的太阳,,,,
,穿浅蓝格子衫的太阳,,,,
,100只兔子想唱歌,,,,
,100只兔子想唱歌,,,,
,阿文的小毯子,,,,
,阿文的小毯子,,,,
,小鸟的晨歌,,,,
,小鸟的晨歌,,,,
,穿浅蓝格子衫的太阳,,,,
,穿浅蓝格子衫的太阳,,,,
,100只兔子想唱歌,,,,
,100只兔子想唱歌,,,,
,阿文的小毯子,,,,
,阿文的小毯子,,,,
,阿文的小毯子,,,,
,奥莉薇,,,,
,奥莉薇,,,,
,奥莉薇,,,,
,小鸟的晨歌,,,,
,小鸟的晨歌,,,,
,穿浅蓝格子衫的太阳,,,,
,100只兔子想唱歌,,,,
,100只兔子想唱歌,,,,
,阿文的小毯子,,,,
,阿文的小毯子,,,,
,奥莉薇,,,,
,奥莉薇,,,,
,奥莉薇,,,,
,迟到的理由,,,,
,迟到的理由,,,,
,迟到的理由,,,,
,小鸟的晨歌,,,,
,小鸟的晨歌,,,,
,穿浅蓝格子衫的太阳,,,,
,穿浅蓝格子衫的太阳,,,,
,100只兔子想唱歌,,,,
,100只兔子想唱歌,,,,
,100只兔子想唱歌,,,,
,阿文的小毯子,,,,
,阿文的小毯子,,,,
,阿文的小毯子,,,,
,奥莉薇,,,,
,奥莉薇,,,,
,奥莉薇,,,,
,迟到的理由,,,,
,迟到的理由,,,,
,迟到的理由,,,,
,大卫上学去,,,,
,大卫上学去,,,,
,小鸟的晨歌,,,,
,小鸟的晨歌,,,,
,穿浅蓝格子衫的太阳,,,,
,穿浅蓝格子衫的太阳,,,,
,100只兔子想唱歌,,,,
,100只兔子想唱歌,,,,
,阿文的小毯子,,,,
,阿文的小毯子,,,,
,奥莉薇,,,,
,奥莉薇,,,,
,奥莉薇,,,,
,迟到的理由,,,,
,迟到的理由,,,,
,迟到的理由,,,,
,大卫上学去,,,,
,大卫上学去,,,,
,大卫上学去,,,,
,棉被山隧道,,,,
,棉被山隧道,,,,
,小鸟的晨歌,,,,
,穿浅蓝格子衫的太阳,,,,
,穿浅蓝格子衫的太阳,,,,
,100只兔子想唱歌,,,,
,100只兔子想唱歌,,,,
,阿文的小毯子,,,,
,阿文的小毯子,,,,
,奥莉薇,,,,
,奥莉薇,,,,
,迟到的理由,,,,
,迟到的理由,,,,
,大卫上学去,,,,
,大卫上学去,,,,
,棉被山隧道,,,,
,棉被山隧道,,,,
,棉被山隧道,,,,
,蚯蚓的日记,,,,
,蚯蚓的日记,,,,
,蚯蚓的日记,,,,
,小鸟的晨歌,,,,
,小鸟的晨歌,,,,
,穿浅蓝格子衫的太阳,,,,
,穿浅蓝格子衫的太阳,,,,
,100只兔子想唱歌,,,,
,100只兔子想唱歌,,,,
,100只兔子想唱歌,,,,
,阿文的小毯子,,,,
,阿文的小毯子,,,,
,阿文的小毯子,,,,
,奥莉薇,,,,
,奥莉薇,,,,
,奥莉薇,,,,
,迟到的理由,,,,
,迟到的理由,,,,
,迟到的理由,,,,
,大卫上学去,,,,
,大卫上学去,,,,
,大卫上学去,,,,
,神奇糖果店,,,,
,神奇糖果店,,,,
,神奇糖果店,,,,
,棉被山隧道,,,,
,棉被山隧道,,,,
,棉被山隧道,,,,
,蚯蚓的日记,,,,
,蚯蚓的日记,,,,
,蚯蚓的日记,,,,
,小鸟的晨歌,,,,
,小鸟的晨歌,,,,
,穿浅蓝格子衫的太阳,,,,
,穿浅蓝格子衫的太阳,,,,
,穿浅蓝格子衫的太阳,,,,
,100只兔子想唱歌,,,,
,100只兔子想唱歌,,,,
,阿文的小毯子,,,,
,阿文的小毯子,,,,
,阿文的小毯子,,,,
,奥莉薇,,,,
,奥莉薇,,,,
,奥莉薇,,,,
,迟到的理由,,,,
,迟到的理由,,,,
,迟到的理由,,,,
,大卫上学去,,,,
,大卫上学去,,,,
,大卫上学去,,,,
,狮子爸爸的茶会,,,,
,狮子爸爸的茶会,,,,
,狮子爸爸的茶会,,,,
,狮子爸爸的茶会,,,,
,神奇糖果店,,,,
,神奇糖果店,,,,
,神奇糖果店,,,,
,棉被山隧道,,,,
,棉被山隧道,,,,
,棉被山隧道,,,,
,蚯蚓的日记,,,,
,蚯蚓的日记,,,,
,蚯蚓的日记,,,,
,蚯蚓的日记,,,,
,小鸟的晨歌,,,,
,小鸟的晨歌,,,,
,穿浅蓝格子衫的太阳,,,,
,穿浅蓝格子衫的太阳,,,,
,穿浅蓝格子衫的太阳,,,,
,100只兔子想唱歌,,,,
,100只兔子想唱歌,,,,
,100只兔子想唱歌,,,,
,阿文的小毯子,,,,
,阿文的小毯子,,,,
,阿文的小毯子,,,,
,奥莉薇,,,,
,奥莉薇,,,,
,奥莉薇,,,,
,迟到的理由,,,,
,迟到的理由,,,,
,迟到的理由,,,,
,大卫上学去,,,,
,大卫上学去,,,,
,大卫上学去,,,,
,狮子爸爸的茶会,,,,
,狮子爸爸的茶会,,,,
,狮子爸爸的茶会,,,,
,下雪天,,,,
,下雪天,,,,
,下雪天,,,,
,神奇糖果店,,,,
,神奇糖果店,,,,
,神奇糖果店,,,,
,棉被山隧道,,,,
,棉被山隧道,,,,
,棉被山隧道,,,,
,蚯蚓的日记,,,,
,蚯蚓的日记,,,,
,蚯蚓的日记,,,,
,小鸟的晨歌,,,,
,小鸟的晨歌,,,,
,穿浅蓝格子衫的太阳,,,,
,穿浅蓝格子衫的太阳,,,,
,100只兔子想唱歌,,,,
,100只兔子想唱歌,,,,
,100只兔子想唱歌,,,,
,阿文的小毯子,,,,
,阿文的小毯子,,,,
,阿文的小毯子,,,,
,奥莉薇,,,,
,奥莉薇,,,,
,迟到的理由,,,,
,迟到的理由,,,,
,迟到的理由,,,,
,大卫上学去,,,,
,大卫上学去,,,,
,大卫上学去,,,,
,一寸虫,,,,
,一寸虫,,,,
,一寸虫,,,,
,狮子爸爸的茶会,,,,
,狮子爸爸的茶会,,,,
,狮子爸爸的茶会,,,,
,下雪天,,,,
,下雪天,,,,
,下雪天,,,,
,神奇糖果店,,,,
,神奇糖果店,,,,
,棉被山隧道,,,,
,棉被山隧道,,,,
,棉被山隧道,,,,
,蚯蚓的日记,,,,
,蚯蚓的日记,,,,
,小鸟的晨歌,,,,
,小鸟的晨歌,,,,
,穿浅蓝格子衫的太阳,,,,
,穿浅蓝格子衫的太阳,,,,
,100只兔子想唱歌,,,,
,100只兔子想唱歌,,,,
,100只兔子想唱歌,,,,
,阿文的小毯子,,,,
,阿文的小毯子,,,,
,阿文的小毯子,,,,
,奥莉薇,,,,
,奥莉薇,,,,
,奥莉薇,,,,
,迟到的理由,,,,
,迟到的理由,,,,
,迟到的理由,,,,
,大卫上学去,,,,
,大卫上学去,,,,
,大卫上学去,,,,
,一寸虫,,,,
,一寸虫,,,,
,一寸虫,,,,
,云朵一样的八哥,,,,
,云朵一样的八哥,,,,
,云朵一样的八哥,,,,
,狮子爸爸的茶会,,,,
,狮子爸爸的茶会,,,,
,狮子爸爸的茶会,,,,
,下雪天,,,,
,下雪天,,,,
,下雪天,,,,
,神奇糖果店,,,,
,神奇糖果店,,,,
,神奇糖果店,,,,
,棉被山隧道,,,,
,棉被山隧道,,,,
,棉被山隧道,,,,
,蚯蚓的日记,,,,
,蚯蚓的日记,,,,
,蚯蚓的日记,,,,
,小鸟的晨歌,,,,
,小鸟的晨歌,,,,
,穿浅蓝格子衫的太阳,,,,
,穿浅蓝格子衫的太阳,,,,
,穿浅蓝格子衫的太阳,,,,
,100只兔子想唱歌,,,,
,100只兔子想唱歌,,,,
,100只兔子想唱歌,,,,
,阿文的小毯子,,,,
,阿文的小毯子,,,,
,阿文的小毯子,,,,
,奥莉薇,,,,
,奥莉薇,,,,
,奥莉薇,,,,
,迟到的理由,,,,
,迟到的理由,,,,
,迟到的理由,,,,
,大卫上学去,,,,
,大卫上学去,,,,
,大卫上学去,,,,
,子儿，吐吐,,,,
,子儿，吐吐,,,,
,一寸虫,,,,
,云朵一样的八哥,,,,
,云朵一样的八哥,,,,
,云朵一样的八哥,,,,
,狮子爸爸的茶会,,,,
,狮子爸爸的茶会,,,,
,狮子爸爸的茶会,,,,
,下雪天,,,,
,下雪天,,,,
,下雪天,,,,
,神奇糖果店,,,,
,神奇糖果店,,,,
,神奇糖果店,,,,
,棉被山隧道,,,,
,棉被山隧道,,,,
,棉被山隧道,,,,
,蚯蚓的日记,,,,
,蚯蚓的日记,,,,
,蚯蚓的日记,,,,
,蚯蚓的日记,,,,
,小鸟的晨歌,,,,
,小鸟的晨歌,,,,
,穿浅蓝格子衫的太阳,,,,
,穿浅蓝格子衫的太阳,,,,
,穿浅蓝格子衫的太阳,,,,
,100只兔子想唱歌,,,,
,100只兔子想唱歌,,,,
,阿文的小毯子,,,,
,阿文的小毯子,,,,
,奥莉薇,,,,
,奥莉薇,,,,
,迟到的理由,,,,
,迟到的理由,,,,
,迟到的理由,,,,
,大卫上学去,,,,
,大卫上学去,,,,
,子儿，吐吐,,,,
,子儿，吐吐,,,,
,子儿，吐吐,,,,
,笨狼的故事,,,,
,笨狼的故事,,,,
,笨狼的故事,,,,
,一寸虫,,,,
,一寸虫,,,,
,云朵一样的八哥,,,,
,云朵一样的八哥,,,,
,云朵一样的八哥,,,,
,狮子爸爸的茶会,,,,
,狮子爸爸的茶会,,,,
,狮子爸爸的茶会,,,,
,下雪天,,,,
,下雪天,,,,
,神奇糖果店,,,,
,神奇糖果店,,,,
,棉被山隧道,,,,
,棉被山隧道,,,,
,蚯蚓的日记,,,,
,蚯蚓的日记,,,,
,蚯蚓的日记,,,,
,小鸟的晨歌,,,,
,小鸟的晨歌,,,,
,穿浅蓝格子衫的太阳,,,,
,穿浅蓝格子衫的太阳,,,,
,100只兔子想唱歌,,,,
,100只兔子想唱歌,,,,
,阿文的小毯子,,,,
,阿文的小毯子,,,,
,奥莉薇,,,,
,奥莉薇,,,,
,奥莉薇,,,,
,迟到的理由,,,,
,迟到的理由,,,,
,迟到的理由,,,,
,大卫上学去,,,,
,大卫上学去,,,,
,彼得兔经典故事,,,,
,彼得兔经典故事,,,,
,彼得兔经典故事,,,,
,子儿，吐吐,,,,
,子儿，吐吐,,,,
,子儿，吐吐,,,,
,笨狼的故事,,,,
,笨狼的故事,,,,
,笨狼的故事,,,,
,一寸虫,,,,
,一寸虫,,,,
,一寸虫,,,,
,云朵一样的八哥,,,,
,云朵一样的八哥,,,,
,云朵一样的八哥,,,,
,狮子爸爸的茶会,,,,
,狮子爸爸的茶会,,,,
,狮子爸爸的茶会,,,,
,下雪天,,,,
,下雪天,,,,
,下雪天,,,,
,神奇糖果店,,,,
,神奇糖果店,,,,
,神奇糖果店,,,,
,棉被山隧道,,,,
,棉被山隧道,,,,
,棉被山隧道,,,,
,蚯蚓的日记,,,,
,蚯蚓的日记,,,,
,蚯蚓的日记,,,,
,小鸟的晨歌,,,,
,小鸟的晨歌,,,,
,穿浅蓝格子衫的太阳,,,,
,迟到的理由,,,,
,大卫上学去,,,,
,大卫上学去,,,,
,彼得兔经典故事,,,,
,彼得兔经典故事,,,,
,彼得兔经典故事,,,,
,子儿，吐吐,,,,
,子儿，吐吐,,,,
,子儿，吐吐,,,,
,聪明的狐狐,,,,
,聪明的狐狐,,,,
,聪明的狐狐,,,,
,笨狼的故事,,,,
,笨狼的故事,,,,
,笨狼的故事,,,,
,一寸虫,,,,
,一寸虫,,,,
,一寸虫,,,,
,云朵一样的八哥,,,,
,云朵一样的八哥,,,,
,狮子爸爸的茶会,,,,
,狮子爸爸的茶会,,,,
,狮子爸爸的茶会,,,,
,下雪天,,,,
,下雪天,,,,
,下雪天,,,,
,神奇糖果店,,,,
,神奇糖果店,,,,
,神奇糖果店,,,,
,棉被山隧道,,,,
,棉被山隧道,,,,
,棉被山隧道,,,,
,蚯蚓的日记,,,,
,蚯蚓的日记,,,,
,蚯蚓的日记,,,,
,小鸟的晨歌,,,,
,大卫上学去,,,,
,大卫上学去,,,,
,大卫上学去,,,,
,彼得兔经典故事,,,,
,彼得兔经典故事,,,,
,彼得兔经典故事,,,,
,大个子老鼠小个子猫,,,,
,大个子老鼠小个子猫,,,,
,大个子老鼠小个子猫,,,,
,子儿，吐吐,,,,
,子儿，吐吐,,,,
,子儿，吐吐,,,,
,子儿，吐吐,,,,
,聪明的狐狐,,,,
,聪明的狐狐,,,,
,聪明的狐狐,,,,
,笨狼的故事,,,,
,笨狼的故事,,,,
,笨狼的故事,,,,
,一寸虫,,,,
,一寸虫,,,,
,一寸虫,,,,
,云朵一样的八哥,,,,
,云朵一样的八哥,,,,
,云朵一样的八哥,,,,
,狮子爸爸的茶会,,,,
,狮子爸爸的茶会,,,,
,狮子爸爸的茶会,,,,
,下雪天,,,,
,下雪天,,,,
,下雪天,,,,
,神奇糖果店,,,,
,神奇糖果店,,,,
,神奇糖果店,,,,
,棉被山隧道,,,,
,棉被山隧道,,,,
,棉被山隧道,,,,
,蚯蚓的日记,,,,
,蚯蚓的日记,,,,
,蚯蚓的日记,,,,
,蚯蚓的日记,,,,
,大卫上学去,,,,
,大卫上学去,,,,
,彼得兔经典故事,,,,
,彼得兔经典故事,,,,
,彼得兔经典故事,,,,
,大个子老鼠小个子猫,,,,
,大个子老鼠小个子猫,,,,
,大个子老鼠小个子猫,,,,
,子儿，吐吐,,,,
,子儿，吐吐,,,,
,子儿，吐吐,,,,
,聪明的狐狐,,,,
,聪明的狐狐,,,,
,聪明的狐狐,,,,
,笨狼的故事,,,,
,笨狼的故事,,,,
,笨狼的故事,,,,
,青蛙和蟾蜍,,,,
,青蛙和蟾蜍,,,,
,青蛙和蟾蜍,,,,
,一寸虫,,,,
,一寸虫,,,,
,云朵一样的八哥,,,,
,云朵一样的八哥,,,,
,云朵一样的八哥,,,,
,狮子爸爸的茶会,,,,
,狮子爸爸的茶会,,,,
,狮子爸爸的茶会,,,,
,下雪天,,,,
,下雪天,,,,
,下雪天,,,,
,神奇糖果店,,,,
,神奇糖果店,,,,
,神奇糖果店,,,,
,棉被山隧道,,,,
,棉被山隧道,,,,
,蚯蚓的日记,,,,
,彼得兔经典故事,,,,
,彼得兔经典故事,,,,
,大个子老鼠小个子猫,,,,
,大个子老鼠小个子猫,,,,
,大个子老鼠小个子猫,,,,
,子儿，吐吐,,,,
,子儿，吐吐,,,,
,子儿，吐吐,,,,
,聪明的狐狐,,,,
,聪明的狐狐,,,,
,笨狼的故事,,,,
,笨狼的故事,,,,
,青蛙和蟾蜍,,,,
,青蛙和蟾蜍,,,,
,青蛙和蟾蜍,,,,
,我和小姐姐克拉拉,,,,
,我和小姐姐克拉拉,,,,
,我和小姐姐克拉拉,,,,
,一寸虫,,,,
,一寸虫,,,,
,一寸虫,,,,
,云朵一样的八哥,,,,
,云朵一样的八哥,,,,
,云朵一样的八哥,,,,
,狮子爸爸的茶会,,,,
,狮子爸爸的茶会,,,,
,狮子爸爸的茶会,,,,
,下雪天,,,,
,下雪天,,,,
,神奇糖果店,,,,
,神奇糖果店,,,,
,神奇糖果店,,,,
,彼得兔经典故事,,,,
,彼得兔经典故事,,,,
,大个子老鼠小个子猫,,,,
,大个子老鼠小个子猫,,,,
,大个子老鼠小个子猫,,,,
,子儿，吐吐,,,,
,子儿，吐吐,,,,
,子儿，吐吐,,,,
,聪明的狐狐,,,,
,聪明的狐狐,,,,
,聪明的狐狐,,,,
,笨狼的故事,,,,
,笨狼的故事,,,,
,笨狼的故事,,,,
,青蛙和蟾蜍,,,,
,青蛙和蟾蜍,,,,
,青蛙和蟾蜍,,,,
,我和小姐姐克拉拉,,,,
,我和小姐姐克拉拉,,,,
,我和小姐姐克拉拉,,,,
,小熊帕丁顿系列 蒸发魔法,,,,
,小熊帕丁顿系列 蒸发魔法,,,,
,小熊帕丁顿系列 蒸发魔法,,,,
,一寸虫,,,,
,一寸虫,,,,
,一寸虫,,,,
,云朵一样的八哥,,,,
,云朵一样的八哥,,,,
,云朵一样的八哥,,,,
,狮子爸爸的茶会,,,,
,狮子爸爸的茶会,,,,
,下雪天,,,,
,下雪天,,,,
,下雪天,,,,
,神奇糖果店,,,,
,神奇糖果店,,,,
,彼得兔经典故事,,,,
,彼得兔经典故事,,,,
,大个子老鼠小个子猫,,,,
,大个子老鼠小个子猫,,,,
,子儿，吐吐,,,,
,子儿，吐吐,,,,
,子儿，吐吐,,,,
,聪明的狐狐,,,,
,聪明的狐狐,,,,
,笨狼的故事,,,,
,笨狼的故事,,,,
,笨狼的故事,,,,
,青蛙和蟾蜍,,,,
,青蛙和蟾蜍,,,,
,青蛙和蟾蜍,,,,
,我和小姐姐克拉拉,,,,
,我和小姐姐克拉拉,,,,
,我和小姐姐克拉拉,,,,
,小熊帕丁顿系列 蒸发魔法,,,,
,小熊帕丁顿系列 蒸发魔法,,,,
,小熊帕丁顿系列 蒸发魔法,,,,
,小猪唏哩呼噜,,,,
,小猪唏哩呼噜,,,,
,小猪唏哩呼噜,,,,
,一寸虫,,,,
,一寸虫,,,,
,一寸虫,,,,
,云朵一样的八哥,,,,
,云朵一样的八哥,,,,
,下雪天,,,,
,下雪天,,,,
,下雪天,,,,
,彼得兔经典故事,,,,
,大个子老鼠小个子猫,,,,
,大个子老鼠小个子猫,,,,
,子儿，吐吐,,,,
,子儿，吐吐,,,,
,子儿，吐吐,,,,
,聪明的狐狐,,,,
,聪明的狐狐,,,,
,聪明的狐狐,,,,
,笨狼的故事,,,,
,笨狼的故事,,,,
,笨狼的故事,,,,
,青蛙和蟾蜍,,,,
,青蛙和蟾蜍,,,,
,青蛙和蟾蜍,,,,
,我和小姐姐克拉拉,,,,
,我和小姐姐克拉拉,,,,
,我和小姐姐克拉拉,,,,
,苍蝇的日记,,,,
,苍蝇的日记,,,,
,小熊帕丁顿系列 蒸发魔法,,,,
,小猪唏哩呼噜,,,,
,小猪唏哩呼噜,,,,
,一寸虫,,,,
,一寸虫,,,,
,一寸虫,,,,
,云朵一样的八哥,,,,
,云朵一样的八哥,,,,
,云朵一样的八哥,,,,
,下雪天,,,,
,下雪天,,,,
,彼得兔经典故事,,,,
,彼得兔经典故事,,,,
,大个子老鼠小个子猫,,,,
,大个子老鼠小个子猫,,,,
,子儿，吐吐,,,,
,子儿，吐吐,,,,
,子儿，吐吐,,,,
,聪明的狐狐,,,,
,聪明的狐狐,,,,
,笨狼的故事,,,,
,笨狼的故事,,,,
,笨狼的故事,,,,
,青蛙和蟾蜍,,,,
,青蛙和蟾蜍,,,,
,青蛙和蟾蜍,,,,
,我和小姐姐克拉拉,,,,
,我和小姐姐克拉拉,,,,
,我和小姐姐克拉拉,,,,
,苍蝇的日记,,,,
,苍蝇的日记,,,,
,苍蝇的日记,,,,
,丁丁历险记,,,,
,丁丁历险记,,,,
,小熊帕丁顿系列 蒸发魔法,,,,
,小熊帕丁顿系列 蒸发魔法,,,,
,小熊帕丁顿系列 蒸发魔法,,,,
,小猪唏哩呼噜,,,,
,小猪唏哩呼噜,,,,
,一寸虫,,,,
,一寸虫,,,,
,云朵一样的八哥,,,,
,云朵一样的八哥,,,,
,彼得兔经典故事,,,,
,大个子老鼠小个子猫,,,,
,大个子老鼠小个子猫,,,,
,大个子老鼠小个子猫,,,,
,子儿，吐吐,,,,
,子儿，吐吐,,,,
,子儿，吐吐,,,,
,聪明的狐狐,,,,
,聪明的狐狐,,,,
,笨狼的故事,,,,
,笨狼的故事,,,,
,青蛙和蟾蜍,,,,
,青蛙和蟾蜍,,,,
,青蛙和蟾蜍,,,,
,我和小姐姐克拉拉,,,,
,我和小姐姐克拉拉,,,,
,我和小姐姐克拉拉,,,,
,苍蝇的日记,,,,
,苍蝇的日记,,,,
,海马先生,,,,
,海马先生,,,,
,海马先生,,,,
,丁丁历险记,,,,
,丁丁历险记,,,,
,小熊帕丁顿系列 蒸发魔法,,,,
,小熊帕丁顿系列 蒸发魔法,,,,
,小猪唏哩呼噜,,,,
,小猪唏哩呼噜,,,,
,小猪唏哩呼噜,,,,
,一寸虫,,,,
,一寸虫,,,,
,云朵一样的八哥,,,,
,云朵一样的八哥,,,,
,彼得兔经典故事,,,,
,彼得兔经典故事,,,,
,大个子老鼠小个子猫,,,,
,大个子老鼠小个子猫,,,,
,聪明的狐狐,,,,
,聪明的狐狐,,,,
,笨狼的故事,,,,
,笨狼的故事,,,,
,青蛙和蟾蜍,,,,
,青蛙和蟾蜍,,,,
,青蛙和蟾蜍,,,,
,我和小姐姐克拉拉,,,,
,我和小姐姐克拉拉,,,,
,花田小学的属鼠班  我们是属鼠班,,,,
,花田小学的属鼠班  我们是属鼠班,,,,
,苍蝇的日记,,,,
,苍蝇的日记,,,,
,海马先生,,,,
,海马先生,,,,
,丁丁历险记,,,,
,丁丁历险记,,,,
,丁丁历险记,,,,
,小熊帕丁顿系列 蒸发魔法,,,,
,小熊帕丁顿系列 蒸发魔法,,,,
,小熊帕丁顿系列 蒸发魔法,,,,
,小猪唏哩呼噜,,,,
,小猪唏哩呼噜,,,,
,小猪唏哩呼噜,,,,
,云朵一样的八哥,,,,
,彼得兔经典故事,,,,
,彼得兔经典故事,,,,
,大个子老鼠小个子猫,,,,
,大个子老鼠小个子猫,,,,
,聪明的狐狐,,,,
,聪明的狐狐,,,,
,笨狼的故事,,,,
,笨狼的故事,,,,
,青蛙和蟾蜍,,,,
,青蛙和蟾蜍,,,,
,我和小姐姐克拉拉,,,,
,我和小姐姐克拉拉,,,,
,花田小学的属鼠班  我们是属鼠班,,,,
,花田小学的属鼠班  我们是属鼠班,,,,
,莎莎的月光,,,,
,莎莎的月光,,,,
,苍蝇的日记,,,,
,苍蝇的日记,,,,
,海马先生,,,,
,海马先生,,,,
,丁丁历险记,,,,
,丁丁历险记,,,,
,小熊帕丁顿系列 蒸发魔法,,,,
,小熊帕丁顿系列 蒸发魔法,,,,
,小猪唏哩呼噜,,,,
,小猪唏哩呼噜,,,,
,小猪唏哩呼噜,,,,
,彼得兔经典故事,,,,
,彼得兔经典故事,,,,
,彼得兔经典故事,,,,
,大个子老鼠小个子猫,,,,
,大个子老鼠小个子猫,,,,
,大个子老鼠小个子猫,,,,
,聪明的狐狐,,,,
,聪明的狐狐,,,,
,聪明的狐狐,,,,
,笨狼的故事,,,,
,青蛙和蟾蜍,,,,
,青蛙和蟾蜍,,,,
,青蛙和蟾蜍,,,,
,我和小姐姐克拉拉,,,,
,我和小姐姐克拉拉,,,,
,我和小姐姐克拉拉,,,,
,花田小学的属鼠班  我们是属鼠班,,,,
,花田小学的属鼠班  我们是属鼠班,,,,
,花田小学的属鼠班  我们是属鼠班,,,,
,莎莎的月光,,,,
,莎莎的月光,,,,
,虎凤蝶,,,,
,虎凤蝶,,,,
,虎凤蝶,,,,
,苍蝇的日记,,,,
,苍蝇的日记,,,,
,苍蝇的日记,,,,
,海马先生,,,,
,海马先生,,,,
,海马先生,,,,
,丁丁历险记,,,,
,丁丁历险记,,,,
,丁丁历险记,,,,
,小熊帕丁顿系列 蒸发魔法,,,,
,小熊帕丁顿系列 蒸发魔法,,,,
,小猪唏哩呼噜,,,,
,小猪唏哩呼噜,,,,
,彼得兔经典故事,,,,
,彼得兔经典故事,,,,
,大个子老鼠小个子猫,,,,
,大个子老鼠小个子猫,,,,
,大个子老鼠小个子猫,,,,
,聪明的狐狐,,,,
,聪明的狐狐,,,,
,聪明的狐狐,,,,
,青蛙和蟾蜍,,,,
,青蛙和蟾蜍,,,,
,青蛙和蟾蜍,,,,
,我和小姐姐克拉拉,,,,
,我和小姐姐克拉拉,,,,
,我和小姐姐克拉拉,,,,
,花田小学的属鼠班  我们是属鼠班,,,,
,花田小学的属鼠班  我们是属鼠班,,,,
,莎莎的月光,,,,
,莎莎的月光,,,,
,虎凤蝶,,,,
,虎凤蝶,,,,
,虎凤蝶,,,,
,神奇校车,,,,
,神奇校车,,,,
,神奇校车,,,,
,苍蝇的日记,,,,
,苍蝇的日记,,,,
,海马先生,,,,
,海马先生,,,,
,海马先生,,,,
,丁丁历险记,,,,
,丁丁历险记,,,,
,丁丁历险记,,,,
,小熊帕丁顿系列 蒸发魔法,,,,
,小熊帕丁顿系列 蒸发魔法,,,,
,小熊帕丁顿系列 蒸发魔法,,,,
,小猪唏哩呼噜,,,,
,小猪唏哩呼噜,,,,
,小猪唏哩呼噜,,,,
,彼得兔经典故事,,,,
,彼得兔经典故事,,,,
,大个子老鼠小个子猫,,,,
,大个子老鼠小个子猫,,,,
,大个子老鼠小个子猫,,,,
,聪明的狐狐,,,,
,聪明的狐狐,,,,
,聪明的狐狐,,,,
,青蛙和蟾蜍,,,,
,青蛙和蟾蜍,,,,
,青蛙和蟾蜍,,,,
,我和小姐姐克拉拉,,,,
,我和小姐姐克拉拉,,,,
,我和小姐姐克拉拉,,,,
,花田小学的属鼠班  我们是属鼠班,,,,
,花田小学的属鼠班  我们是属鼠班,,,,
,莎莎的月光,,,,
,莎莎的月光,,,,
,虎凤蝶,,,,
,虎凤蝶,,,,
,虎凤蝶,,,,
,神奇校车,,,,
,神奇校车,,,,
,神奇校车,,,,
,苍蝇的日记,,,,
,苍蝇的日记,,,,
,苍蝇的日记,,,,
,海马先生,,,,
,海马先生,,,,
,丁丁历险记,,,,
,丁丁历险记,,,,
,丁丁历险记,,,,
,小熊帕丁顿系列 蒸发魔法,,,,
,小熊帕丁顿系列 蒸发魔法,,,,
,小熊帕丁顿系列 蒸发魔法,,,,
,小猪唏哩呼噜,,,,
,小猪唏哩呼噜,,,,
,小猪唏哩呼噜,,,,
,彼得兔经典故事,,,,
,彼得兔经典故事,,,,
,大个子老鼠小个子猫,,,,
,大个子老鼠小个子猫,,,,
,青蛙和蟾蜍,,,,
,我和小姐姐克拉拉,,,,
,我和小姐姐克拉拉,,,,
,花田小学的属鼠班  我们是属鼠班,,,,
,花田小学的属鼠班  我们是属鼠班,,,,
,莎莎的月光,,,,
,莎莎的月光,,,,
,虎凤蝶,,,,
,虎凤蝶,,,,
,虎凤蝶,,,,
,神奇校车,,,,
,神奇校车,,,,
,神奇校车,,,,
,苍蝇的日记,,,,
,苍蝇的日记,,,,
,苍蝇的日记,,,,
,海马先生,,,,
,海马先生,,,,
,海马先生,,,,
,丁丁历险记,,,,
,丁丁历险记,,,,
,小熊帕丁顿系列 蒸发魔法,,,,
,小熊帕丁顿系列 蒸发魔法,,,,
,小猪唏哩呼噜,,,,
,小猪唏哩呼噜,,,,
,小猪唏哩呼噜,,,,
,彼得兔经典故事,,,,
,我和小姐姐克拉拉,,,,
,我和小姐姐克拉拉,,,,
,花田小学的属鼠班  我们是属鼠班,,,,
,花田小学的属鼠班  我们是属鼠班,,,,
,花田小学的属鼠班  我们是属鼠班,,,,
,莎莎的月光,,,,
,莎莎的月光,,,,
,莎莎的月光,,,,
,虎凤蝶,,,,
,虎凤蝶,,,,
,虎凤蝶,,,,
,神奇校车,,,,
,神奇校车,,,,
,苍蝇的日记,,,,
,苍蝇的日记,,,,
,海马先生,,,,
,海马先生,,,,
,海马先生,,,,
,丁丁历险记,,,,
,丁丁历险记,,,,
,小熊帕丁顿系列 蒸发魔法,,,,
,小熊帕丁顿系列 蒸发魔法,,,,
,小猪唏哩呼噜,,,,
,小猪唏哩呼噜,,,,
,小猪唏哩呼噜,,,,
,我和小姐姐克拉拉,,,,
,花田小学的属鼠班  我们是属鼠班,,,,
,莎莎的月光,,,,
,莎莎的月光,,,,
,虎凤蝶,,,,
,虎凤蝶,,,,
,虎凤蝶,,,,
,神奇校车,,,,
,神奇校车,,,,
,神奇校车,,,,
,苍蝇的日记,,,,
,苍蝇的日记,,,,
,海马先生,,,,
,海马先生,,,,
,丁丁历险记,,,,
,小熊帕丁顿系列 蒸发魔法,,,,
,小熊帕丁顿系列 蒸发魔法,,,,
,小猪唏哩呼噜,,,,
,小猪唏哩呼噜,,,,
,小猪唏哩呼噜,,,,
,花田小学的属鼠班  我们是属鼠班,,,,
,花田小学的属鼠班  我们是属鼠班,,,,
,莎莎的月光,,,,
,莎莎的月光,,,,
,虎凤蝶,,,,
,虎凤蝶,,,,
,虎凤蝶,,,,
,神奇校车,,,,
,神奇校车,,,,
,神奇校车,,,,
,苍蝇的日记,,,,
,苍蝇的日记,,,,
,海马先生,,,,
,海马先生,,,,
,丁丁历险记,,,,
,丁丁历险记,,,,
,丁丁历险记,,,,
,小熊帕丁顿系列 蒸发魔法,,,,
,小熊帕丁顿系列 蒸发魔法,,,,
,小熊帕丁顿系列 蒸发魔法,,,,
,小猪唏哩呼噜,,,,
,小猪唏哩呼噜,,,,
,小猪唏哩呼噜,,,,
,花田小学的属鼠班  我们是属鼠班,,,,
,花田小学的属鼠班  我们是属鼠班,,,,
,花田小学的属鼠班  我们是属鼠班,,,,
,莎莎的月光,,,,
,莎莎的月光,,,,
,虎凤蝶,,,,
,神奇校车,,,,
,神奇校车,,,,
,神奇校车,,,,
,苍蝇的日记,,,,
,苍蝇的日记,,,,
,苍蝇的日记,,,,
,海马先生,,,,
,海马先生,,,,
,丁丁历险记,,,,
,丁丁历险记,,,,
,小熊帕丁顿系列 蒸发魔法,,,,
,小熊帕丁顿系列 蒸发魔法,,,,
,花田小学的属鼠班  我们是属鼠班,,,,
,花田小学的属鼠班  我们是属鼠班,,,,
,莎莎的月光,,,,
,莎莎的月光,,,,
,虎凤蝶,,,,
,虎凤蝶,,,,
,神奇校车,,,,
,神奇校车,,,,
,苍蝇的日记,,,,
,苍蝇的日记,,,,
,海马先生,,,,
,海马先生,,,,
,海马先生,,,,
,丁丁历险记,,,,
,丁丁历险记,,,,
,丁丁历险记,,,,
,花田小学的属鼠班  我们是属鼠班,,,,
,花田小学的属鼠班  我们是属鼠班,,,,
,莎莎的月光,,,,
,虎凤蝶,,,,
,虎凤蝶,,,,
,神奇校车,,,,
,神奇校车,,,,
,神奇校车,,,,
,苍蝇的日记,,,,
,苍蝇的日记,,,,
,苍蝇的日记,,,,
,海马先生,,,,
,海马先生,,,,
,丁丁历险记,,,,
,丁丁历险记,,,,
,丁丁历险记,,,,
,花田小学的属鼠班  我们是属鼠班,,,,
,花田小学的属鼠班  我们是属鼠班,,,,
,花田小学的属鼠班  我们是属鼠班,,,,
,莎莎的月光,,,,
,莎莎的月光,,,,
,莎莎的月光,,,,
,虎凤蝶,,,,
,虎凤蝶,,,,
,虎凤蝶,,,,
,神奇校车,,,,
,神奇校车,,,,
,神奇校车,,,,
,海马先生,,,,
,海马先生,,,,
,丁丁历险记,,,,
,丁丁历险记,,,,
,花田小学的属鼠班  我们是属鼠班,,,,
,花田小学的属鼠班  我们是属鼠班,,,,
,花田小学的属鼠班  我们是属鼠班,,,,
,莎莎的月光,,,,
,莎莎的月光,,,,
,莎莎的月光,,,,
,虎凤蝶,,,,
,虎凤蝶,,,,
,神奇校车,,,,
,神奇校车,,,,
,神奇校车,,,,
,海马先生,,,,
,海马先生,,,,
,花田小学的属鼠班  我们是属鼠班,,,,
,花田小学的属鼠班  我们是属鼠班,,,,
,莎莎的月光,,,,
,莎莎的月光,,,,
,莎莎的月光,,,,
,虎凤蝶,,,,
,虎凤蝶,,,,
,虎凤蝶,,,,
,神奇校车,,,,
,神奇校车,,,,
,神奇校车,,,,
,花田小学的属鼠班  我们是属鼠班,,,,
,花田小学的属鼠班  我们是属鼠班,,,,
,莎莎的月光,,,,
,莎莎的月光,,,,
,虎凤蝶,,,,
,虎凤蝶,,,,
,神奇校车,,,,
,神奇校车,,,,
,莎莎的月光,,,,
,莎莎的月光,,,,
,莎莎的月光,,,,
