,key,item,item_url,price,shop,shop_url
0,小鸟的晨歌,当当网书籍语文素养读本小学卷1小鸟,https://click.simba.taobao.com/cc_im?p=%D0%A1%C4%F1%B5%C4%B3%BF%B8%E8%20%CA%E9&s=1843354360&k=673&e=TNDGZOXMIlNKsUM6O1lpuEcX5MFAlPp%2BWRe%2FrGrqAhUli2WohsiNsu48fRtvPB2%2F%2FJGB51PawoD%2BvmvRya%2F0HyFb7UpTb6YFuI4mEEHI6g%2BtAgnLC3KM%2BojSBTXfeJf9jYXuPYtjSHl15MDURxxSzGKSQqMB0IaKjS0oISWzQN%2FigFoMS6fRPj53CLa9n8o%2BDMPNkpTvZlPgWGm1TCI6GHJtg%2F7QdhfP11fm87WOYJYfCuaRcABqKPD2q3TcPmSF4AE6H9Qi%2F%2B3YxIL4HgGJcYiwF%2F8pI3x2IYelfzNhI5SXy4kMp0RZzrtRu9WE%2BuxAVLFAFhJPvQd4G2HvIDMBicsf3ahk2yZ0TPBINi%2FOkE2GVBHxeTlHvfOEPXgAxsLLvfjoCxwDHpLlhMLiSiNSpr3JBMfC1Ioyk3mgW3d9QclMT07gAHHPie2wBBsfn7KdUTk5U2deXjLMw%2F42w5MRErcE0Qq%2BvysQWjk8Kcq89t7hNDMU%2BQ1MVh76KO%2FqzTdQLls7%2FKmdoMSyj4xX6T5a27jikNC%2Fh0i%2BccFMDyt5%2BcZ2cRmQ4TCu2F9ER0srz6sGzGx3Br49sRH9rlM%2B6MmSMCiqcjhOxhxXIIkZJPHmeAKuym0fR8wP5khgeYtm%2Ft66VMYlZNFNmjvqnrwJieHZgb5n0rylu7c4,19.00,当当网官方旗舰店,https://click.simba.taobao.com/cc_im?p=%D0%A1%C4%F1%B5%C4%B3%BF%B8%E8%20%CA%E9&s=1843354360&k=633&e=9kV%2FVudAxQVKsUM6O1lpuEcX5MFAlPp%2BWRe%2FrGrqAhUli2WohsiNsu48fRtvPB2%2F%2FJGB51PawoC5MlLiJHKLoiFb7UpTb6YFuI4mEEHI6g%2BtAgnLC3KM%2BojSBTXfeJf9jYXuPYtjSHl15MDURxxSzGKSQqMB0IaKjS0oISWzQN%2FigFoMS6fRPj53CLa9n8o%2BDMPNkpTvZlPgWGm1TCI6GHJtg%2F7QdhfP11fm87WOYJYfCuaRcABqKPD2q3TcPmSF4AE6H9Qi%2F%2B3YxIL4HgGJcYiwF%2F8pI3x2IYelfzNhI5SXy4kMp0RZzrtRu9WE%2BuxAVLFAFhJPvQd4G2HvIDMBicsf3ahk2yZ0TPBINi%2FOkE2GVBHxeTlHvfOEPXgAxsLLvfjoCxwDHpLlhMLiSiNSpr3JBMfC1Ioyk3mgW3d9QclMT07gAHHPie2wBBsfn7KdUTk5U2deXjLMw%2F42w5MREs6HPGTm6UaCaAxkGNYGkU7QI0pOXx6rbH370qilDZl2rWoYv%2B5aEtvH%2Bu8K6VLJpKeysvbvv%2BBQ96U8LOxKxtyDKEktf5r8Wde5Qi0QFjLehRnC0Wm2070c6O6fb%2F04OAfH6VEgbpQJJfJFRIHdrMFUoN8dTNrrFQ%3D%3D
1,小鸟的晨歌,正版包邮 4册 乌丢丢的奇遇+我的童年在长大+小鸟的晨歌+明天要远足 注音版小学生课外书一年级上册阅读书 广州门市,//detail.tmall.com/item.htm?id=578460709211&ad_id=&am_id=&cm_id=140105335569ed55e27b&pm_id=&abbucket=1,92.50,奥华元图书专营店,//store.taobao.com/shop/view_shop.htm?user_number_id=1695059118
2,小鸟的晨歌,正版 小猪晞哩呼噜上下两册+小鸟的晨歌+大卫上学去 一年级推荐书目,//detail.tmall.com/item.htm?id=577462292250&ad_id=&am_id=&cm_id=140105335569ed55e27b&pm_id=&abbucket=1,63.00,庆元新华书店图书专营店,//store.taobao.com/shop/view_shop.htm?user_number_id=3547041551
3,小鸟的晨歌,全新正版包邮小鸟的晨歌 语文素养读本（丛书） 小学卷1,//item.taobao.com/item.htm?id=577247899220&ns=1&abbucket=1#detail,24.00,悦读汇纪,//store.taobao.com/shop/view_shop.htm?user_number_id=2437845101
4,小鸟的晨歌,团购优惠【小鸟的晨歌】温儒敏 语文素养读本丛书 小学卷 一年级上册 北京大学语文教育研究所组编  人民教育出版社语文读本,//detail.tmall.com/item.htm?id=532064878406&ns=1&abbucket=1,15.00,弗洛拉图书专营店,//store.taobao.com/shop/view_shop.htm?user_number_id=2782783791
5,小鸟的晨歌,【团购优惠】 语文素养读本丛书小学卷 一年级 小鸟的晨歌+穿浅蓝格子衫的太阳一年级上下册温儒敏人民教育语文素养丛书亲子阅读,//detail.tmall.com/item.htm?id=537938232958&ns=1&abbucket=1,28.80,山东书虫图书专营店,//store.taobao.com/shop/view_shop.htm?user_number_id=2468631159
6,小鸟的晨歌,2018新版现货语文素养读本小学卷全12册小学全套 小鸟的晨歌穿浅蓝格子衬衫的太阳等温儒敏丛书一二三四五六123456年级上下册适用,//detail.tmall.com/item.htm?id=565705272135&ns=1&abbucket=1,199.00,开元图书专营店,//store.taobao.com/shop/view_shop.htm?user_number_id=2750222405
7,小鸟的晨歌,全2册 语文素养读本丛书小学卷 一年级 小鸟的晨歌+穿浅蓝格子衫的太阳一年级上下册语文素养丛书亲子阅读一年级课外阅读人民教育,//detail.tmall.com/item.htm?id=572888140144&ns=1&abbucket=1,28.80,悦悦图书专营店,//store.taobao.com/shop/view_shop.htm?user_number_id=2041592426
8,小鸟的晨歌,【量大从优】2018正版小鸟的晨歌语文素养读本丛书小学卷一年级上册人教版 配套1年级上课本亲子美文阅读绿色印刷儿童注音课外阅读,//detail.tmall.com/item.htm?id=559111547851&ns=1&abbucket=1,14.80,开元图书专营店,//store.taobao.com/shop/view_shop.htm?user_number_id=2750222405
9,小鸟的晨歌,现货包邮 语文素养读本丛书小学卷 一年级 小鸟的晨歌+穿浅蓝格子衫的太阳 1年级上下册温儒敏 人民教育 语文素养丛正版包邮,//detail.tmall.com/item.htm?id=558875112533&ns=1&abbucket=1,32.00,博库图书专营店,//store.taobao.com/shop/view_shop.htm?user_number_id=859515618
10,小鸟的晨歌,团购优惠【小鸟的晨歌+穿浅蓝格子衬衫的太阳】温儒敏 语文素养读本丛书 小学一年级上下册 人民教育出版社人教版语文读本,//detail.tmall.com/item.htm?id=537897581518&ns=1&abbucket=1,28.50,弗洛拉图书专营店,//store.taobao.com/shop/view_shop.htm?user_number_id=2782783791
11,小鸟的晨歌,语文素养读本丛书 小学卷 小鸟的晨歌 一年级上册 温儒敏 人民教育出版社 小学生课外阅读注音版小学生作文辅导 亲子阅读,//detail.tmall.com/item.htm?id=532118148082&ns=1&abbucket=1,15.00,济南常青藤图书专营店,//store.taobao.com/shop/view_shop.htm?user_number_id=2451699564
12,小鸟的晨歌,2018现货正版小鸟的晨歌语文素养读本丛书小学卷一年级上册人教版 配套1年级上册课本亲子美文阅读绿色印刷儿童注音课外阅读,//detail.tmall.com/item.htm?id=574270803420&ns=1&abbucket=1,16.90,盎然图书专营店,//store.taobao.com/shop/view_shop.htm?user_number_id=2687426497
13,小鸟的晨歌,现货包邮新版小鸟的晨歌 语文素养读本丛书小学卷一年级上册 人教版小学1年级上册亲子美文阅读儿童经典课外阅读书籍绿色印刷,//detail.tmall.com/item.htm?id=558692293194&ns=1&abbucket=1,16.80,儒言图书专营店,//store.taobao.com/shop/view_shop.htm?user_number_id=717577503
14,小鸟的晨歌,小鸟的晨歌/语文素养读本丛书,//detail.tmall.com/item.htm?id=547720517740&ns=1&abbucket=1,19.70,博才图书专营店,//store.taobao.com/shop/view_shop.htm?user_number_id=2448305656
15,小鸟的晨歌,【团购优惠】 语文素养读本 丛书 小学卷 小鸟的晨歌+穿浅蓝格子衫的太阳 一年级上下册温儒敏一年级语文,//detail.tmall.com/item.htm?id=537897449698&ns=1&abbucket=1,28.50,济南常青藤图书专营店,//store.taobao.com/shop/view_shop.htm?user_number_id=2451699564
16,小鸟的晨歌,【团购优惠】包邮语文素养读本一年级上下册小鸟的晨歌+穿浅蓝格子衫的太阳语文素养读本小学卷语文素养读本丛书亲子阅读,//detail.tmall.com/item.htm?id=537897217965&ns=1&abbucket=1,28.80,布克图书专营店,//store.taobao.com/shop/view_shop.htm?user_number_id=651359430
17,小鸟的晨歌,现货正版  小鸟的晨歌 语文素养读本丛书 小学卷一年级上册语文  温儒敏 人民教育出版社亲子阅读配套小学1年级上册语文课外课堂,//detail.tmall.com/item.htm?id=559218749671&ns=1&abbucket=1,20.80,海宁新华书店图书专营店,//store.taobao.com/shop/view_shop.htm?user_number_id=2566616517
18,小鸟的晨歌,小鸟的晨歌/语文素养读本丛书,//detail.tmall.com/item.htm?id=578122265179&ns=1&abbucket=1,16.80,淘乐思图书专营店,//store.taobao.com/shop/view_shop.htm?user_number_id=4090044054
19,小鸟的晨歌,小鸟的晨歌/语文素养读本丛书 正版书籍 木垛图书,//detail.tmall.com/item.htm?id=524593408172&ns=1&abbucket=1,16.80,木垛图书专营店,//store.taobao.com/shop/view_shop.htm?user_number_id=1961939153
20,小鸟的晨歌,小鸟的晨歌/语文素养读本丛书,//detail.tmall.com/item.htm?id=576750516406&ns=1&abbucket=1,18.40,金华新华书店图书专营店,//store.taobao.com/shop/view_shop.htm?user_number_id=3468348756
21,小鸟的晨歌,【现货发货快】语文素养读本丛书 小学卷 小鸟的晨歌一年级上册北京大学语文教育研究所组编 温儒敏人民教育 语文素养丛书亲子阅读,//detail.tmall.com/item.htm?id=532118128158&ns=1&abbucket=1,15.00,山东书虫图书专营店,//store.taobao.com/shop/view_shop.htm?user_number_id=2468631159
22,小鸟的晨歌,小鸟的晨歌/语文素养读本丛书,//detail.tmall.com/item.htm?id=560027843211&ns=1&abbucket=1,19.70,蒙学图书音像专营店,//store.taobao.com/shop/view_shop.htm?user_number_id=298475119
23,小鸟的晨歌,【现货当天发】 语文素养读本丛书小学卷 一年级 小鸟的晨歌+穿浅蓝格子衫的太阳一年级上下册温儒敏人民教育语文素养丛书亲子阅读,//detail.tmall.com/item.htm?id=560788649224&ns=1&abbucket=1,32.00,文豪博阅图书专营店,//store.taobao.com/shop/view_shop.htm?user_number_id=374597309
24,小鸟的晨歌,2018正版现货语文素养读本丛书一年级上下册2本小鸟的晨歌+穿浅蓝格子衬衫的太阳1年级小学卷语文课本同步课外阅读人民教育出版社,//detail.tmall.com/item.htm?id=574171226912&ns=1&abbucket=1,30.90,盎然图书专营店,//store.taobao.com/shop/view_shop.htm?user_number_id=2687426497
25,小鸟的晨歌,【正版图书包邮】@小鸟的晨歌 语文素养读本 小学卷1小学通用,//item.taobao.com/item.htm?id=578080402134&ns=1&abbucket=1#detail,24.00,丽伟联盟批发商城,//store.taobao.com/shop/view_shop.htm?user_number_id=1611268513
26,小鸟的晨歌,正版包邮 语文素养读本 小学卷 一年级上册 小鸟的晨歌 人民教育出版 配套小学生1年级上册语文课本使用课外课堂阅读书籍 温儒敏,//detail.tmall.com/item.htm?id=560922950274&ns=1&abbucket=1,21.80,博知四方图书专营,//store.taobao.com/shop/view_shop.htm?user_number_id=2340836129
27,小鸟的晨歌,语文素养读本丛书 小鸟的晨歌+穿浅蓝格子衬衫的太阳 小学卷 一年级/1年级上册+下册 2本 小学语文读本课外阅读课外美文亲子阅读类,//detail.tmall.com/item.htm?id=574191450842&ns=1&abbucket=1,35.80,凡言图书专营店,//store.taobao.com/shop/view_shop.htm?user_number_id=2739852552
28,小鸟的晨歌,现货正版2018语文素养读本丛书 小学卷 一年级上册语文 小鸟的晨歌+1年级下册穿浅蓝格子衬衫的太阳 共2本 温儒敏 人民教育出版社,//detail.tmall.com/item.htm?id=559996815805&ns=1&abbucket=1,29.80,兰紫图书专营店,//store.taobao.com/shop/view_shop.htm?user_number_id=2511679642
29,小鸟的晨歌,现货正版语文素养读本丛书一年级上册下册小鸟的晨歌+穿浅蓝格子衬衫的太阳全2册1年级小学卷同步课外阅读温儒敏编人民教育出版社,//detail.tmall.com/item.htm?id=570678616579&ns=1&abbucket=1,31.60,朋康图书专营店,//store.taobao.com/shop/view_shop.htm?user_number_id=2653046610
30,小鸟的晨歌,正版包邮 语文素养读本丛书小学卷 一年级 小鸟的晨歌+穿浅蓝格子衫的太阳 一年级上下册温儒敏 人民教育 语文素养丛,//detail.tmall.com/item.htm?id=558187345786&ns=1&abbucket=1,32.80,火把图书专营店,//store.taobao.com/shop/view_shop.htm?user_number_id=2434247916
31,小鸟的晨歌,领劵下单-15语文素养读本小学卷全12册小学全套 小鸟的晨歌穿浅蓝格子衬衫的太阳等温儒敏丛书一二三四五六123456年级上下册适用,//detail.tmall.com/item.htm?id=576201346574&ns=1&abbucket=1,205.00,强舰图书专营店,//store.taobao.com/shop/view_shop.htm?user_number_id=2271114664
32,小鸟的晨歌,现货正版 语文素养读本（丛书）小学卷 小鸟的晨歌 一年级上册 小学1年级上册 阅读课小学语文课外读物 温儒敏 小鸟的晨哥 人教版,//detail.tmall.com/item.htm?id=555657027041&ns=1&abbucket=1,22.80,得一图书专营店,//store.taobao.com/shop/view_shop.htm?user_number_id=2209951149
33,小鸟的晨歌,现货包邮素养读本丛书 小学一年级上册+下册全2册小鸟的晨歌+穿浅蓝格子衬衫的太阳小学1年级亲子课外阅读书目课外拓展阅读训练,//detail.tmall.com/item.htm?id=562601945936&ns=1&abbucket=1,32.80,儒言图书专营店,//store.taobao.com/shop/view_shop.htm?user_number_id=717577503
34,小鸟的晨歌,正版2018 语文素养读本（丛书）套装二本 1一年级上册下册 小鸟的晨歌+穿浅蓝格子衬衫的太阳 人教版 温儒敏主编 小学语文同步阅读,//detail.tmall.com/item.htm?id=563649451478&ns=1&abbucket=1,29.60,拍拍乐图书专营店,//store.taobao.com/shop/view_shop.htm?user_number_id=616430292
35,小鸟的晨歌,语文素养读本丛书小学卷 小鸟的晨歌+穿浅蓝格子衬衫的太阳 一年级上册下册 课内外美文诵读教材同步拓展阅读训练课本辅导书籍教辅,//detail.tmall.com/item.htm?id=567991377915&ns=1&abbucket=1,35.80,伟业图书专营店,//store.taobao.com/shop/view_shop.htm?user_number_id=1075401508
36,小鸟的晨歌,正版现货语文素养读本小学卷1小鸟的晨歌温儒敏主编一年级上册人教版小学1年级语文书同步阅读训练丛书人民教育出版社2018新版,//detail.tmall.com/item.htm?id=572353511653&ns=1&abbucket=1,16.50,文枫阁图书专营店,//store.taobao.com/shop/view_shop.htm?user_number_id=2456357628
37,小鸟的晨歌,全2册 语文素养读本丛书小学卷 一年级 小鸟的晨歌+穿浅蓝格子衫的太阳一年级上下册语文素养丛书亲子阅读一年级课外阅读人民教育,//detail.tmall.com/item.htm?id=574864238898&ns=1&abbucket=1,28.80,昊宇图书专营店,//store.taobao.com/shop/view_shop.htm?user_number_id=358183109
38,小鸟的晨歌,小鸟的晨歌+穿浅蓝格子衫的太阳 一年级上下2册套装语文素养读本丛书小学卷 1年级上下册 温儒敏主编 小学生课外阅读教辅书籍 正版,//detail.tmall.com/item.htm?id=564269705700&ns=1&abbucket=1,36.00,凤凰新华书店旗舰店,//store.taobao.com/shop/view_shop.htm?user_number_id=288902762
39,小鸟的晨歌,套装现货包邮语文素养读本丛书一年级上册+下册 小鸟的晨歌+穿浅蓝格子衬衫的太阳全两册 小学卷2年级同步课外拓展阅读人民教育,//detail.tmall.com/item.htm?id=571657179808&ns=1&abbucket=1,35.80,天都图书专营店,//store.taobao.com/shop/view_shop.htm?user_number_id=2657720205
40,小鸟的晨歌,2018人民教育出版社出版温儒敏主编语文素养读本（丛书）小学卷一年级上册小鸟的晨歌小学1年级上册语文阅读书籍,//detail.tmall.com/item.htm?id=561739094280&ns=1&abbucket=1,19.20,小学童图书营店,//store.taobao.com/shop/view_shop.htm?user_number_id=2616648914
41,小鸟的晨歌,包邮正版2018语文素养读本丛书 小学卷1-6年级全套12册 小鸟的晨歌 成为你自己 人生的瓶子成长的烦恼温儒敏 人民教育出版亲子阅读,//detail.tmall.com/item.htm?id=559930490997&ns=1&abbucket=1,198.00,兰紫图书专营店,//store.taobao.com/shop/view_shop.htm?user_number_id=2511679642
42,小鸟的晨歌,现货包邮语文素养读本丛书一年级上册+下册 小鸟的晨歌+穿浅蓝格子衬衫的太阳全两册 小学卷2年级同步课外拓展阅读人民教育出版社,//detail.tmall.com/item.htm?id=571524545064&ns=1&abbucket=1,35.80,雨润田图书专营店,//store.taobao.com/shop/view_shop.htm?user_number_id=2254289622
43,小鸟的晨歌,语文素养读本丛书 小学卷 一年级上册/1年级 小鸟的晨歌 小学课内外美文诵读教材同步知识拓展阅读训练课本辅导图书籍儿童读物教辅,//detail.tmall.com/item.htm?id=574285703893&ns=1&abbucket=1,18.00,伟业图书专营店,//store.taobao.com/shop/view_shop.htm?user_number_id=1075401508
44,小鸟的晨歌,正版 语文素养读本丛书小学卷一年级上册语文小鸟的晨歌+ 一年级下册穿浅蓝格子衫的太阳1年级上下册语文素养丛书亲子阅读,//detail.tmall.com/item.htm?id=560179486670&ns=1&abbucket=1,32.60,名望星图书专营店,//store.taobao.com/shop/view_shop.htm?user_number_id=2347317796
45,小鸟的晨歌,小鸟的晨歌 一年级上册 语文素养读本丛书小学卷 1年级上册 温儒敏主编 小学生教辅书阅读类素养读本 人民教育出版社,//detail.tmall.com/item.htm?id=546830657509&ns=1&abbucket=1,23.90,城市绿洲图书专营店,//store.taobao.com/shop/view_shop.htm?user_number_id=1092889017
46,小鸟的晨歌,语文素养读本（丛书）小学卷一年级上册小鸟的晨歌+一年级下册穿浅蓝格子衬衫的太阳全套两本温儒敏主编人民教育出版社出版,//detail.tmall.com/item.htm?id=561744066779&ns=1&abbucket=1,31.58,小学童图书营店,//store.taobao.com/shop/view_shop.htm?user_number_id=2616648914
47,小鸟的晨歌,正版包邮 小鸟的晨歌 一年级上册 语文素养读本丛书小学卷 1年级上册 温儒敏主编 小学生教辅书阅读类素养读本 人民教育出版社,//detail.tmall.com/item.htm?id=567473120303&ns=1&abbucket=1,20.40,雨润田图书专营店,//store.taobao.com/shop/view_shop.htm?user_number_id=2254289622
48,穿浅蓝格子衫的太阳,2018新版现货语文素养读本小学卷全12册小学全套 小鸟的晨歌穿浅蓝格子衬衫的太阳等温儒敏丛书一二三四五六123456年级上下册适用,//detail.tmall.com/item.htm?id=565705272135&ad_id=&am_id=&cm_id=140105335569ed55e27b&pm_id=&abbucket=1,199.00,开元图书专营店,//store.taobao.com/shop/view_shop.htm?user_number_id=2750222405
49,穿浅蓝格子衫的太阳,小鸟的晨歌+穿浅蓝格子衬衫的太阳 书 正版  人民教育总主编:温儒敏,//detail.tmall.com/item.htm?id=579375659643&ad_id=&am_id=&cm_id=140105335569ed55e27b&pm_id=&abbucket=1,42.60,墨香图书专营店,//store.taobao.com/shop/view_shop.htm?user_number_id=325727065
50,穿浅蓝格子衫的太阳,团购优惠【小鸟的晨歌+穿浅蓝格子衬衫的太阳】温儒敏 语文素养读本丛书 小学一年级上下册 人民教育出版社人教版语文读本,//detail.tmall.com/item.htm?id=537897581518&ns=1&abbucket=1,28.50,弗洛拉图书专营店,//store.taobao.com/shop/view_shop.htm?user_number_id=2782783791
51,穿浅蓝格子衫的太阳,领劵下单-15语文素养读本小学卷全12册小学全套 小鸟的晨歌穿浅蓝格子衬衫的太阳等温儒敏丛书一二三四五六123456年级上下册适用,//detail.tmall.com/item.htm?id=576201346574&ns=1&abbucket=1,205.00,强舰图书专营店,//store.taobao.com/shop/view_shop.htm?user_number_id=2271114664
52,穿浅蓝格子衫的太阳,【BD中小学教辅】语文素养读本小学卷1下穿浅蓝格子衬衫的太阳  正版书籍 9787107278839,//detail.tmall.com/item.htm?id=555044173182&ns=1&abbucket=1,24.00,南京千维图书专营店,//store.taobao.com/shop/view_shop.htm?user_number_id=2380413313
53,穿浅蓝格子衫的太阳,2018春包邮 温儒敏穿浅蓝格子衬衫的太阳一年级下册注音版书本 小学卷语文素养读本丛书 人民教育出版 北京大学语文教育研究所组编,//detail.tmall.com/item.htm?id=560760360819&ns=1&abbucket=1,21.80,博知四方图书专营,//store.taobao.com/shop/view_shop.htm?user_number_id=2340836129
54,穿浅蓝格子衫的太阳,现货包邮2018新版穿浅蓝格子衬衫的太阳 语文素养读本丛书小学卷一年级下册人教版 配套1年级下册亲子美文阅读儿童注音课外阅读,//detail.tmall.com/item.htm?id=565266889782&ns=1&abbucket=1,17.00,盎然图书专营店,//store.taobao.com/shop/view_shop.htm?user_number_id=2687426497
55,穿浅蓝格子衫的太阳,团购优惠【穿浅蓝格子衬衫的太阳】温儒敏 语文素养读本丛书 小学卷 一年级下册 北京大学语文教育研究所编 人民教育出版社,//detail.tmall.com/item.htm?id=532088905974&ns=1&abbucket=1,16.00,弗洛拉图书专营店,//store.taobao.com/shop/view_shop.htm?user_number_id=2782783791
56,穿浅蓝格子衫的太阳,穿浅蓝格子衬衫的太阳/语文素养读本丛书,//detail.tmall.com/item.htm?id=556321168160&ns=1&abbucket=1,19.70,博才图书专营店,//store.taobao.com/shop/view_shop.htm?user_number_id=2448305656
57,穿浅蓝格子衫的太阳,小鸟的晨歌+穿浅蓝格子衬衫的太阳 正版2018 语文素养读本（丛书）套装二本 1一年级上册下册 人教版 温儒敏主编 小学语文同步阅读,//detail.tmall.com/item.htm?id=576031021636&ns=1&abbucket=1,28.60,强舰图书专营店,//store.taobao.com/shop/view_shop.htm?user_number_id=2271114664
58,穿浅蓝格子衫的太阳,穿浅蓝格子衬衫的太阳/语文素养读本丛书 正版书籍 木垛图书,//detail.tmall.com/item.htm?id=524615920856&ns=1&abbucket=1,16.10,木垛图书专营店,//store.taobao.com/shop/view_shop.htm?user_number_id=1961939153
59,穿浅蓝格子衫的太阳,穿浅蓝格子衬衫的太阳/语文素养读本丛书,//detail.tmall.com/item.htm?id=523054411746&ns=1&abbucket=1,16.80,富有天下图书专营店,//store.taobao.com/shop/view_shop.htm?user_number_id=2591128307
60,穿浅蓝格子衫的太阳,穿浅蓝格子衬衫的太阳 语文素养读本丛书小学卷一年级下册人教版 配套1年级下册亲子美文阅读儿童注音课外阅读,//detail.tmall.com/item.htm?id=577704937171&ns=1&abbucket=1,21.80,兴阅图书专营店,//store.taobao.com/shop/view_shop.htm?user_number_id=1698005656
61,穿浅蓝格子衫的太阳,穿浅蓝格子衬衫的太阳/语文素养读本丛书,//detail.tmall.com/item.htm?id=547594532054&ns=1&abbucket=1,14.42,土星图书专营店,//store.taobao.com/shop/view_shop.htm?user_number_id=2541137476
62,穿浅蓝格子衫的太阳,穿浅蓝格子衬衫的太阳/语文素养读本丛书,//detail.tmall.com/item.htm?id=520202715096&ns=1&abbucket=1,16.80,瑞意图书专营店,//store.taobao.com/shop/view_shop.htm?user_number_id=826551804
63,穿浅蓝格子衫的太阳,一年级/下册-穿浅蓝格子衬衫的太阳-小学卷 本书,//detail.tmall.com/item.htm?id=523993068408&ns=1&abbucket=1,20.40,中关村图书大厦图书专营店,//store.taobao.com/shop/view_shop.htm?user_number_id=2613393581
64,穿浅蓝格子衫的太阳,穿浅蓝格子衬衫的太阳/语文素养读本丛书 书  总主编:温儒敏 人民教育 正版,//detail.tmall.com/item.htm?id=565030237031&ns=1&abbucket=1,21.30,阿鲁朗朗图书专营,//store.taobao.com/shop/view_shop.htm?user_number_id=697043450
65,穿浅蓝格子衫的太阳,语文素养读本 小学卷 穿浅蓝格子衬衫的太阳 一年级下册 人教版语文教材配套图书小学一年级语文课本 新课标语文课外阅读亲子阅读,//detail.tmall.com/item.htm?id=520012939907&ns=1&abbucket=1,13.20,博库图书专营店,//store.taobao.com/shop/view_shop.htm?user_number_id=859515618
66,穿浅蓝格子衫的太阳,【量大从优】2018正版小学卷语文素养读本丛书2本一年级上下册小鸟的晨歌+穿浅蓝格子衬衫的太阳1年级同步课外阅读人民教育出版社,//detail.tmall.com/item.htm?id=566681432181&ns=1&abbucket=1,36.20,开元图书专营店,//store.taobao.com/shop/view_shop.htm?user_number_id=2750222405
67,穿浅蓝格子衫的太阳,小鸟的晨歌+穿浅蓝格子衬衫的太阳 正版 总主编:温儒敏书籍 人民教育图书,//detail.tmall.com/item.htm?id=571336898789&ns=1&abbucket=1,38.93,天宇图书专营店,//store.taobao.com/shop/view_shop.htm?user_number_id=912382184
68,穿浅蓝格子衫的太阳,【团购优惠】包邮 语文素养读本丛书 穿浅蓝格子衬衫的太阳 一年级下册 小学卷  北京大学语文教育研究所组编 温儒敏 人民教育,//detail.tmall.com/item.htm?id=532064970377&ns=1&abbucket=1,16.80,山东书虫图书专营店,//store.taobao.com/shop/view_shop.htm?user_number_id=2468631159
69,穿浅蓝格子衫的太阳,现货包邮2018新版穿浅蓝格子衬衫的太阳人教版 语文素养读本丛书小学卷一年级下册 人民教育出版社  配套1年级下册亲子美文阅读童,//detail.tmall.com/item.htm?id=565957522489&ns=1&abbucket=1,26.80,浩博图书专营店,//store.taobao.com/shop/view_shop.htm?user_number_id=754391969
70,穿浅蓝格子衫的太阳,【抢正版图书】穿浅蓝格子衬衫的太阳 语文素养读本 小学卷2   北,//item.taobao.com/item.htm?id=577219323099&ns=1&abbucket=1#detail,25.40,wangzhai5188,//store.taobao.com/shop/view_shop.htm?user_number_id=333499081
71,穿浅蓝格子衫的太阳,正版2018量大优惠 语文素养读本丛书小学卷 穿浅蓝格子衬衫的太阳 一年级下 人教版 1年级下册 亲子阅读 北京大学语文教育研究所,//detail.tmall.com/item.htm?id=560854610082&ns=1&abbucket=1,17.50,文豪博阅图书专营店,//store.taobao.com/shop/view_shop.htm?user_number_id=374597309
72,穿浅蓝格子衫的太阳,2018正版现货语文素养读本丛书一年级上下册2本小鸟的晨歌+穿浅蓝格子衬衫的太阳1年级小学卷语文课本同步课外阅读人民教育出版社,//detail.tmall.com/item.htm?id=574171226912&ns=1&abbucket=1,30.90,盎然图书专营店,//store.taobao.com/shop/view_shop.htm?user_number_id=2687426497
73,穿浅蓝格子衫的太阳,正版书/！穿浅蓝格子衬衫的太阳 语文素养读本 小学卷2,//item.taobao.com/item.htm?id=578316176339&ns=1&abbucket=1#detail,22.00,hcj938310906,//store.taobao.com/shop/view_shop.htm?user_number_id=681071568
74,穿浅蓝格子衫的太阳,【正版全新书】穿浅蓝格子衬衫的太阳 语文素养读本 小学卷2   北,//item.taobao.com/item.htm?id=578557770759&ns=1&abbucket=1#detail,21.20,时尚美婷坊,//store.taobao.com/shop/view_shop.htm?user_number_id=669711735
75,穿浅蓝格子衫的太阳,正版书/！穿浅蓝格子衬衫的太阳 语文素养读本 小学卷2,//item.taobao.com/item.htm?id=578938276330&ns=1&abbucket=1#detail,22.00,hcj9383109060,//store.taobao.com/shop/view_shop.htm?user_number_id=2589828682
76,穿浅蓝格子衫的太阳,穿浅蓝格子衬衫的太阳 一年级下册语文素养读本丛书小学卷 1年级下册 温儒敏小学生教辅书阅读类素养读本 人民教育出版社 新华正版,//detail.tmall.com/item.htm?id=535328555008&ns=1&abbucket=1,18.16,凤凰新华书店旗舰店,//store.taobao.com/shop/view_shop.htm?user_number_id=288902762
77,穿浅蓝格子衫的太阳,穿浅蓝格子衬衫的太阳小学卷一年级下册语文素养读本丛书阅读人民教育出版社优秀青少年读物初中新课标推荐读物,//detail.tmall.com/item.htm?id=565749467615&ns=1&abbucket=1,22.40,郑州文轩图书专营店,//store.taobao.com/shop/view_shop.htm?user_number_id=699783945
78,穿浅蓝格子衫的太阳,现货包邮素养读本丛书 小学一年级上册+下册全2册小鸟的晨歌+穿浅蓝格子衬衫的太阳小学1年级亲子课外阅读书目课外拓展阅读训练,//detail.tmall.com/item.htm?id=562601945936&ns=1&abbucket=1,32.80,儒言图书专营店,//store.taobao.com/shop/view_shop.htm?user_number_id=717577503
79,穿浅蓝格子衫的太阳,穿浅蓝格子衬衫的太阳小学卷一年级下册语文素养读本丛书阅读人民教育出版社优秀青少年读物初中新课标推荐读物,//detail.tmall.com/item.htm?id=565478284242&ns=1&abbucket=1,22.40,静读求索图书专营店,//store.taobao.com/shop/view_shop.htm?user_number_id=2617663089
80,穿浅蓝格子衫的太阳,穿浅蓝格子衬衫的太阳小学卷一年级下册语文素养读本丛书阅读人民教育出版社优秀青少年读物初中新课标推荐读物,//detail.tmall.com/item.htm?id=568695237640&ns=1&abbucket=1,22.40,晶晶图书专营店,//store.taobao.com/shop/view_shop.htm?user_number_id=2518682058
81,穿浅蓝格子衫的太阳,正版2018 语文素养读本（丛书）套装二本 1一年级上册下册 小鸟的晨歌+穿浅蓝格子衬衫的太阳 人教版 温儒敏主编 小学语文同步阅读,//detail.tmall.com/item.htm?id=563649451478&ns=1&abbucket=1,29.60,拍拍乐图书专营店,//store.taobao.com/shop/view_shop.htm?user_number_id=616430292
82,穿浅蓝格子衫的太阳,现货正版语文素养读本丛书一年级上册下册小鸟的晨歌+穿浅蓝格子衬衫的太阳全2册1年级小学卷同步课外阅读温儒敏编人民教育出版社,//detail.tmall.com/item.htm?id=570678616579&ns=1&abbucket=1,31.60,朋康图书专营店,//store.taobao.com/shop/view_shop.htm?user_number_id=2653046610
83,穿浅蓝格子衫的太阳,【好书抢购】穿浅蓝格子衬衫的太阳 语文素养读本 小学卷2   北京,//item.taobao.com/item.htm?id=579035646123&ns=1&abbucket=1#detail,20.00,huangzheng6151,//store.taobao.com/shop/view_shop.htm?user_number_id=302405433
84,穿浅蓝格子衫的太阳,现货正版2018语文素养读本丛书 小学卷 一年级上册语文 小鸟的晨歌+1年级下册穿浅蓝格子衬衫的太阳 共2本 温儒敏 人民教育出版社,//detail.tmall.com/item.htm?id=559996815805&ns=1&abbucket=1,29.80,兰紫图书专营店,//store.taobao.com/shop/view_shop.htm?user_number_id=2511679642
85,穿浅蓝格子衫的太阳,天猫正版  穿浅蓝格子衬衫的太阳  小学卷  一年级下册  温儒敏主编  语文素养读本丛书    人民教育出版社   9787107278839,//detail.tmall.com/item.htm?id=563457674255&ns=1&abbucket=1,16.80,京硕图书专营店,//store.taobao.com/shop/view_shop.htm?user_number_id=359907482
86,穿浅蓝格子衫的太阳,书正版/ 穿浅蓝格子衬衫的太阳 语文素养读本 小学卷2,//item.taobao.com/item.htm?id=576727581565&ns=1&abbucket=1#detail,18.40,慧海书店123,//store.taobao.com/shop/view_shop.htm?user_number_id=3903142841
87,穿浅蓝格子衫的太阳,包邮正版2018版语文素养读本丛书小学卷 一年级语文书下册人教版穿浅蓝格子衬衫的太阳+小鸟的成功2本小学生1年级亲子阅读课外读书,//detail.tmall.com/item.htm?id=564769150363&ns=1&abbucket=1,42.70,得一图书专营店,//store.taobao.com/shop/view_shop.htm?user_number_id=2209951149
88,穿浅蓝格子衫的太阳,正版 穿浅蓝格子衬衫的太阳 语文素养读本丛书 小学卷一年级下册 课外书儿童亲子阅读 温儒敏主编配套人教版小学1年级语文课本使用,//detail.tmall.com/item.htm?id=565374588002&ns=1&abbucket=1,19.50,文景图书专营店,//store.taobao.com/shop/view_shop.htm?user_number_id=1669224062
89,穿浅蓝格子衫的太阳,语文素养读本丛书小学卷 小鸟的晨歌+穿浅蓝格子衬衫的太阳 一年级上册下册 课内外美文诵读教材同步拓展阅读训练课本辅导书籍教辅,//detail.tmall.com/item.htm?id=567991377915&ns=1&abbucket=1,35.80,伟业图书专营店,//store.taobao.com/shop/view_shop.htm?user_number_id=1075401508
90,穿浅蓝格子衫的太阳,正版 2018量大优惠 语文素养读本丛书小学卷 穿浅蓝格子衬衫的太阳 一年级下 人教版 1年级下册 亲子阅读 北京大学语文教育研究所,//detail.tmall.com/item.htm?id=567473576038&ns=1&abbucket=1,20.40,雨润田图书专营店,//store.taobao.com/shop/view_shop.htm?user_number_id=2254289622
91,穿浅蓝格子衫的太阳,正版 人教语文素养读本丛书 小学卷 一年级下册穿浅蓝格子衬衫的太阳配套人教教材小学生1一年级下册课外全阅读 知识理解作文辅导,//detail.tmall.com/item.htm?id=560792817704&ns=1&abbucket=1,19.20,龙脊书香图书专营店,//store.taobao.com/shop/view_shop.htm?user_number_id=2173431169
92,穿浅蓝格子衫的太阳,语文素养读本丛书 小学卷 穿浅蓝格子衬衫的太阳 一年级下册 北京大学语文教育研究所编 温儒敏 人民教育出版社,//detail.tmall.com/item.htm?id=565560949852&ns=1&abbucket=1,15.20,凯信致远图书专营店,//store.taobao.com/shop/view_shop.htm?user_number_id=2455396878
93,穿浅蓝格子衫的太阳,2017春 语文素养读本丛书小学卷穿浅蓝格子衬衫的太阳1一年级下册,//item.taobao.com/item.htm?id=546699004348&ns=1&abbucket=1#detail,21.00,象形图书有限责任公司,//store.taobao.com/shop/view_shop.htm?user_number_id=2723172648
94,穿浅蓝格子衫的太阳,人教版语文素养读本丛书小学卷 一1年级下册穿浅蓝格子衬衫的太阳,//item.taobao.com/item.htm?id=44766436002&ns=1&abbucket=1#detail,24.00,薛庆伟66,//store.taobao.com/shop/view_shop.htm?user_number_id=674348649
95,穿浅蓝格子衫的太阳,套装现货包邮语文素养读本丛书一年级上册+下册 小鸟的晨歌+穿浅蓝格子衬衫的太阳全两册 小学卷2年级同步课外拓展阅读人民教育,//detail.tmall.com/item.htm?id=571657179808&ns=1&abbucket=1,35.80,天都图书专营店,//store.taobao.com/shop/view_shop.htm?user_number_id=2657720205
96,100只兔子想唱歌,满西方哲学入门系列对话录智慧原文读物书籍,https://click.simba.taobao.com/cc_im?p=100%D6%BB%CD%C3%D7%D3%CF%EB%B3%AA%B8%E8%20%CA%E9&s=898327953&k=685&e=JuGHTBm%2FFAAhvLps1ScsXyWh4Pjs6q7iQhMrLeMpcgxVvUysWkxveW2GHxB5oLjNDZeh2bnw4trFlntG9gQsbfcH%2BF0wvIt18iwRpvawq%2B%2BcPwd9ns%2BtxrWNo8nc4xYGmwMQ5h7BAg6MZ3VmfPhKHkVtgTdBLl2EpAB27%2FYvQIxMCCm%2BFv%2BvT7PqiiVjr419avVp0FW0IjNgxzW05d6Y1vslnw6Ufr31iyXa%2BNebr0O6U6jhmcYTHH5z9Ge6oiTU%2FRjQX1kZdSdg8Dz4YsnXUCodVmitEDdVOZgjKn4FvR2%2Bbuo2pMX14xKScE8pri0BpGghuiXb5kY4IdaqDss0Rzf11r7WWVON3YjnBX6vD90b1WhCKilK4tdaisfbTNJhHtgljuM7ncpoHtD8jTSkTGao3EERNPC%2FEcaRVXaLZ3ozI32lgaZx%2F2qMMNDxqoYjRm3mRkw8lo3QnOcQptJmXafyP9TPBAH5otoOZzFqIrfed2s0XqXoLJBk%2FxC4S57huMdlxyvfnc6ZVYsRGcx2pQiUIrYA6AfLhw1F8nKdn%2Fo%2BlcZS4qBEoaIJ2FUHvDBlRRp%2FcqCuLdhxZGbi%2B%2FK0To5bXcWpZawIpQX0VO8PP3EZpw2AdVcH21ckvAWks9UB77ICiLGq8FWmnfCSwnEONda77eR1RXlXuhWzW7eFQ18%3D,25.00,麓之风图书专营店,https://click.simba.taobao.com/cc_im?p=100%D6%BB%CD%C3%D7%D3%CF%EB%B3%AA%B8%E8%20%CA%E9&s=898327953&k=641&e=OKbkw4u5mjshvLps1ScsXyWh4Pjs6q7iQhMrLeMpcgxVvUysWkxveW2GHxB5oLjNDZeh2bnw4toxx5y6Srb4S%2FcH%2BF0wvIt18iwRpvawq%2B%2BcPwd9ns%2BtxrWNo8nc4xYGmwMQ5h7BAg6MZ3VmfPhKHkVtgTdBLl2EpAB27%2FYvQIxMCCm%2BFv%2BvT7PqiiVjr419avVp0FW0IjNgxzW05d6Y1vslnw6Ufr31iyXa%2BNebr0O6U6jhmcYTHH5z9Ge6oiTU%2FRjQX1kZdSdg8Dz4YsnXUCodVmitEDdVOZgjKn4FvR2%2Bbuo2pMX14xKScE8pri0BpGghuiXb5kY4IdaqDss0Rzf11r7WWVON3YjnBX6vD90b1WhCKilK4tdaisfbTNJhHtgljuM7ncpoHtD8jTSkTGao3EERNPC%2FEcaRVXaLZ3ozI32lgaZx%2F2qMMNDxqoYjRm3mRkw8lo3QnOcQptJmXafyP9TPBAH5QiXLCMiM%2F8huxrqMNTnkI5Bk%2FxC4S57h3BCCbZNKM%2BAhzv2iG31NDnMdArdX94ORxodMUQKePPZ37yVPB2Jxd0xMoIN9uZ82xodMUQKePPaLU88S8LxFQZ8u4gy1cDvzBEDDxGMlQKLY77aO%2BOD1Iknf1cnQhZOX
97,100只兔子想唱歌,【现货学校推荐】100只兔子想唱歌中国中福会 中国原创图画书绘本 儿童3-6周岁精装图画故事书 卡通漫画童书 中国少年儿童文学小说,//detail.tmall.com/item.htm?id=560958806270&ad_id=&am_id=&cm_id=140105335569ed55e27b&pm_id=&abbucket=1,21.30,悦悦图书专营店,//store.taobao.com/shop/view_shop.htm?user_number_id=2041592426
98,100只兔子想唱歌,预售 中国原创图画书.文学花园•100只兔子想唱歌 刘保法 著;邓正祺 绘 绘画/漫画/连环画/卡通故事少儿 新华书店正版图书籍  预定,//detail.tmall.com/item.htm?id=563152799146&ad_id=&am_id=&cm_id=140105335569ed55e27b&pm_id=&abbucket=1,22.30,博朗图书专营店,//store.taobao.com/shop/view_shop.htm?user_number_id=2168432734
99,100只兔子想唱歌,美丽花故事妈妈《100只兔子想唱歌》儿童时代图画书文学畅销书籍,//item.taobao.com/item.htm?id=545143919021&ns=1&abbucket=1#detail,12.00,小时候童书馆,//store.taobao.com/shop/view_shop.htm?user_number_id=2344704492
100,100只兔子想唱歌,"【正版现货】100只兔子想唱歌/中国原创图画书刘保法,邓正祺 绘中",//item.taobao.com/item.htm?id=577342687497&ns=1&abbucket=1#detail,32.80,一切都会过去0323,//store.taobao.com/shop/view_shop.htm?user_number_id=2775267121
101,100只兔子想唱歌,"正版现货100只兔子想唱歌/中国原创图画书刘保法,邓正祺 绘中国中",//item.taobao.com/item.htm?id=577342279367&ns=1&abbucket=1#detail,32.80,suifeng890522,//store.taobao.com/shop/view_shop.htm?user_number_id=704655294
102,100只兔子想唱歌,100只兔子想唱歌中国中福会 中国原创图画书绘本 儿童3-6周岁精装图画故事书 卡通漫画童书 中国少年儿童文学小说 幼儿园亲子阅读,//detail.tmall.com/item.htm?id=574078606112&ns=1&abbucket=1,21.30,昊宇图书专营店,//store.taobao.com/shop/view_shop.htm?user_number_id=358183109
103,100只兔子想唱歌,中国原创绘本系列 我讨厌宝弟! 中华出版物、新阅读研究机构推荐 2014年中国童书榜优童书入选中国童书榜100佳,//detail.tmall.com/item.htm?id=537965181991&ns=1&abbucket=1,39.90,旭阳图书专营店,//store.taobao.com/shop/view_shop.htm?user_number_id=1098646930
104,100只兔子想唱歌,【旭阳品质-精装塑封】100层的巴士正版一百麦克米伦少幼儿童宝宝亲子情商绘本故事图画书籍0-1-2-3-4-5-6-8岁,//detail.tmall.com/item.htm?id=42742049187&ns=1&abbucket=1,21.80,旭阳图书专营店,//store.taobao.com/shop/view_shop.htm?user_number_id=1098646930
105,100只兔子想唱歌,100层的房子(精)幼儿童书绘本 2-3-4-5-6-7-8岁幼儿童读物  地下100层的房子 海底 精装科普3-6岁 岩井俊雄  正版 图书书籍,//detail.tmall.com/item.htm?id=542712497926&ns=1&abbucket=1,16.50,吾宁图书专营店,//store.taobao.com/shop/view_shop.htm?user_number_id=1903608960
106,100只兔子想唱歌,预售 中国原创图画书.文学花园•100只兔子想唱歌 刘保法 著;邓正祺 绘 绘画/漫画/连环画/卡通故事少儿 中国福利会出版社 f,//detail.tmall.com/item.htm?id=578623211404&ns=1&abbucket=1,21.30,华宝博文图书专营店,//store.taobao.com/shop/view_shop.htm?user_number_id=475312822
107,100只兔子想唱歌,【当当网 正版书籍】沉思录（梁实秋经典译本精装典藏版）,//detail.tmall.com/item.htm?id=559455399347&ns=1&abbucket=1,18.00,当当网官方旗舰店,//store.taobao.com/shop/view_shop.htm?user_number_id=1049653664
108,100只兔子想唱歌,【当当网 正版童书】100层的巴士 麦克米伦世纪,//detail.tmall.com/item.htm?id=562587875124&ns=1&abbucket=1,17.50,当当网官方旗舰店,//store.taobao.com/shop/view_shop.htm?user_number_id=1049653664
109,100只兔子想唱歌,【当当网 正版童书】月亮的味道（精装）,//detail.tmall.com/item.htm?id=561698855805&ns=1&abbucket=1,17.50,当当网官方旗舰店,//store.taobao.com/shop/view_shop.htm?user_number_id=1049653664
110,100只兔子想唱歌,【当当网 正版童书】爱心树（小小艺术家·名画名著绘本）,//detail.tmall.com/item.htm?id=532016664511&ns=1&abbucket=1,21.30,当当网官方旗舰店,//store.taobao.com/shop/view_shop.htm?user_number_id=1049653664
111,100只兔子想唱歌,【当当网 正版童书】有你真好(全三册) 3-4-5-6岁儿童绘本 少儿启蒙童书 儿童读物精装图画丛书 文学绘本故事书,//detail.tmall.com/item.htm?id=567165132838&ns=1&abbucket=1,26.80,当当网官方旗舰店,//store.taobao.com/shop/view_shop.htm?user_number_id=1049653664
112,100只兔子想唱歌,【当当网 正版童书】 信谊世界精选图画书 蚯蚓的日记,//detail.tmall.com/item.htm?id=565006810595&ns=1&abbucket=1,29.00,当当网官方旗舰店,//store.taobao.com/shop/view_shop.htm?user_number_id=1049653664
113,100只兔子想唱歌,现货包邮 西方哲学史 修订版 邓晓芒 赵林 高等教育出版社 一部系统讲解西方哲学史的大学教材 高等院校哲学专业教材,//detail.tmall.com/item.htm?id=521410793210&ns=1&abbucket=1,28.60,山东书虫图书专营店,//store.taobao.com/shop/view_shop.htm?user_number_id=2468631159
114,100只兔子想唱歌,【正版包邮】理想国(读懂柏拉图的第一本书) 关于正义的学说 哲学读物外国哲学入门基础西方政治思想 新华书店正版畅销书籍 博库网,//detail.tmall.com/item.htm?id=41396428667&ns=1&abbucket=1,17.50,博库图书专营店,//store.taobao.com/shop/view_shop.htm?user_number_id=859515618
115,100只兔子想唱歌,天啊错啦 精装硬皮童话故事彩图 绘本0-3-6-7周岁儿童图书童书漫画书 幼儿早教启蒙认知书籍 亲子睡前读物正版蒲蒲兰绘本馆错了啦,//detail.tmall.com/item.htm?id=556902759264&ns=1&abbucket=1,23.80,博库图书专营店,//store.taobao.com/shop/view_shop.htm?user_number_id=859515618
116,100只兔子想唱歌,正版现货 阿文的小毯子(精) 儿童绘本 启发系列绘本 0-3-4-5-6-7-10岁 早教启蒙认知 童书卡通图画书 新华书店畅销书籍 博库网,//detail.tmall.com/item.htm?id=41350077904&ns=1&abbucket=1,22.50,博库图书专营店,//store.taobao.com/shop/view_shop.htm?user_number_id=859515618
117,100只兔子想唱歌,彩虹色的花 精装硬壳正版启蒙认知儿童绘本 一二年级儿童绘本图画故事书 3-6-8-9岁早教启蒙入园准备精装幼儿绘本睡前图画故事书籍,//detail.tmall.com/item.htm?id=574019686325&ns=1&abbucket=1,29.90,博库图书专营店,//store.taobao.com/shop/view_shop.htm?user_number_id=859515618
118,100只兔子想唱歌,【抖音同款】精装 我的情绪小怪兽 儿童宝宝亲子早教启蒙绘本图画故事书籍0-3-6-8岁情商管理情绪管理学前儿童睡前故事绘本,//detail.tmall.com/item.htm?id=554454654397&ns=1&abbucket=1,27.50,旭阳图书专营店,//store.taobao.com/shop/view_shop.htm?user_number_id=1098646930
119,100只兔子想唱歌,【旭阳品质-信谊幼儿文学奖】子儿吐吐正版精装少低幼儿童宝宝小孩情商启蒙亲子睡前童话绘本故事图书籍0-1-2-3-4-6岁,//detail.tmall.com/item.htm?id=21674312313&ns=1&abbucket=1,25.80,旭阳图书专营店,//store.taobao.com/shop/view_shop.htm?user_number_id=1098646930
120,100只兔子想唱歌,【旭阳品质-英国格林纳威奖】正版和甘伯伯去游河绘本精装小学生少幼儿童亲子情商课外阅读物故事图画书0-3-4-5-6-8岁外公,//detail.tmall.com/item.htm?id=37070697817&ns=1&abbucket=1,25.80,旭阳图书专营店,//store.taobao.com/shop/view_shop.htm?user_number_id=1098646930
121,100只兔子想唱歌,小小的我绘本 儿童绘本故事书0-3-4-6-7周岁正版硬皮精装 日本心灵成长绘本性格培养幼儿园获奖经典绘本宝宝书籍故,//detail.tmall.com/item.htm?id=574807590889&ns=1&abbucket=1,25.80,旭阳图书专营店,//store.taobao.com/shop/view_shop.htm?user_number_id=1098646930
122,100只兔子想唱歌,【精装】我喜欢书 少幼儿童绘本宝宝亲子童话故事图画书籍读物早教启蒙0-2-3-4-5-6-8岁 启发系列安东尼.布朗作品,//detail.tmall.com/item.htm?id=43530849562&ns=1&abbucket=1,18.80,旭阳图书专营店,//store.taobao.com/shop/view_shop.htm?user_number_id=1098646930
123,100只兔子想唱歌,【艾瑞.卡尔作品-硬皮精装】正版少幼儿童宝宝家庭成长早教启蒙认知睡前绘本故事图画书籍0-2-3-4-5-6岁小种子（精）,//detail.tmall.com/item.htm?id=41616284293&ns=1&abbucket=1,25.80,旭阳图书专营店,//store.taobao.com/shop/view_shop.htm?user_number_id=1098646930
124,100只兔子想唱歌,【入选法兰克福书展韩国插画作品】云朵面包正版精装0-3-6岁少低幼儿童宝宝亲子早教启蒙认知绘本连环卡通漫画图书籍接力,//detail.tmall.com/item.htm?id=523102312571&ns=1&abbucket=1,24.00,旭阳图书专营店,//store.taobao.com/shop/view_shop.htm?user_number_id=1098646930
125,100只兔子想唱歌,8册小兔托尼成长故事绘本儿童幼儿宝宝故事书0-2-3-6周岁睡前情绪管理生气真不好书籍图书3-5岁早教书幼儿园老师推荐阅读儿童绘本,//detail.tmall.com/item.htm?id=569716669037&ns=1&abbucket=1,26.80,旭阳图书专营店,//store.taobao.com/shop/view_shop.htm?user_number_id=1098646930
126,100只兔子想唱歌,【抖音同款】妈妈，我错了 精装 0-3-6周岁儿童益智早教绘本 婴幼儿生活启蒙认知绘本 儿童好素质好习惯养成 亲子互动睡前故事,//detail.tmall.com/item.htm?id=559068918298&ns=1&abbucket=1,24.80,旭阳图书专营店,//store.taobao.com/shop/view_shop.htm?user_number_id=1098646930
127,阿文的小毯子,阿文的小毯子 书籍 绘本 正版,//detail.tmall.com/item.htm?id=535928595812&ad_id=&am_id=&cm_id=140105335569ed55e27b&pm_id=&abbucket=1,23.00,文轩在线图书专营店,//store.taobao.com/shop/view_shop.htm?user_number_id=2326409321
128,阿文的小毯子,阿文的小毯子 书籍 绘本 正版,//detail.tmall.com/item.htm?id=535929043085&ad_id=&am_id=&cm_id=140105335569ed55e27b&pm_id=&abbucket=1,22.40,卓越畅想图书专营店,//store.taobao.com/shop/view_shop.htm?user_number_id=2207637783
129,阿文的小毯子,正版现货 阿文的小毯子(精) 儿童绘本 启发系列绘本 0-3-4-5-6-7-10岁 早教启蒙认知 童书卡通图画书 新华书店畅销书籍 博库网,//detail.tmall.com/item.htm?id=41350077904&ns=1&abbucket=1,22.50,博库图书专营店,//store.taobao.com/shop/view_shop.htm?user_number_id=859515618
130,阿文的小毯子,阿文的小毯子精装硬壳图画书启发绘本幼儿园入学推荐书目正版童书,//item.taobao.com/item.htm?id=571531368129&ns=1&abbucket=1#detail,18.56,展翔图书企业店,//store.taobao.com/shop/view_shop.htm?user_number_id=3873559340
131,阿文的小毯子,阿文的小毯子启发绘本早教启蒙书认知书精装绘本故事图画儿童书,//item.taobao.com/item.htm?id=576043166683&ns=1&abbucket=1#detail,17.90,tiantian703426,//store.taobao.com/shop/view_shop.htm?user_number_id=3852482902
132,阿文的小毯子,阿文的小毯子硬壳精装图画书启发绘本儿童故事幼儿园入学推荐书目适合3岁以上亲子阅读正版童书,//detail.tmall.com/item.htm?id=524861618956&ns=1&abbucket=1,19.50,书泽图书专营店,//store.taobao.com/shop/view_shop.htm?user_number_id=2732585974
133,阿文的小毯子,阿文的小毯子 儿童绘本早教启蒙图画书0-3-5-8岁故事书,//item.taobao.com/item.htm?id=576732368282&ns=1&abbucket=1#detail,8.80,超人图书企业店,//store.taobao.com/shop/view_shop.htm?user_number_id=3962311733
134,阿文的小毯子,精装硬壳绘本 阿文的小毯子 儿童绘本漫画故事书早教书3-6-9周岁,//item.taobao.com/item.htm?id=568808794938&ns=1&abbucket=1#detail,18.80,新华书店精装绘本店,//store.taobao.com/shop/view_shop.htm?user_number_id=3912427072
135,阿文的小毯子,阿文的小毯子 启发儿童绘本正版包邮注音平装正版包邮书籍早教启,//item.taobao.com/item.htm?id=576502612905&ns=1&abbucket=1#detail,9.50,you599568,//store.taobao.com/shop/view_shop.htm?user_number_id=4077262088
136,阿文的小毯子,我好担心阿文的小毯子全2册精装绘本硬壳图画书适合3岁以上入园绘本上幼儿园缓解分离焦虑启发正版童书宝宝书籍,//detail.tmall.com/item.htm?id=575302526530&ns=1&abbucket=1,38.00,书泽图书专营店,//store.taobao.com/shop/view_shop.htm?user_number_id=2732585974
137,阿文的小毯子,全3册正版 小阿力的大学校+阿文的小毯子+魔法亲亲 3-6岁少幼儿童心理情绪情商管理绘本幼儿园宝宝启蒙认知卡通图书信谊绘本故事书,//detail.tmall.com/item.htm?id=538971487519&ns=1&abbucket=1,65.80,北京爱阅图书专营店,//store.taobao.com/shop/view_shop.htm?user_number_id=2264184129
138,阿文的小毯子,正版现货 阿文的小毯子(精) 儿童绘本 0-3-4-5-6-7-10岁 早教启蒙认知童书卡通图画书 儿童幼儿园入学推荐书目读物,//detail.tmall.com/item.htm?id=567940847560&ns=1&abbucket=1,26.80,旭阳图书专营店,//store.taobao.com/shop/view_shop.htm?user_number_id=1098646930
139,阿文的小毯子,阿文的小毯子 儿童绘本系列 0-3-6-9周岁宝宝平装绘本故事书,//item.taobao.com/item.htm?id=576625192922&ns=1&abbucket=1#detail,8.80,九果小双,//store.taobao.com/shop/view_shop.htm?user_number_id=2827629894
140,阿文的小毯子,11册我讨厌妈妈 阿文的小毯子 想吃苹果的鼠小弟 我喜欢自己 我喜欢书 不一样的小豆豆 小真的长头发 月亮生日快乐 大卫不可以绘本,//detail.tmall.com/item.htm?id=573534272680&ns=1&abbucket=1,223.00,朗朗书海图书专营店,//store.taobao.com/shop/view_shop.htm?user_number_id=2423751113
141,阿文的小毯子,启发绘本 精装正版 阿文的小毯子 儿童图画书 幼儿启蒙教育故事书,//item.taobao.com/item.htm?id=564964424022&ns=1&abbucket=1#detail,21.80,中教教图出版,//store.taobao.com/shop/view_shop.htm?user_number_id=2750370352
142,阿文的小毯子,精装绘本 阿文的小毯子【美国凯迪克大奖-专家导读】正版少幼儿童宝宝亲子情商家庭早教故事图画书籍阅读物0-3-5-6-8岁 启发绘本馆,//detail.tmall.com/item.htm?id=551870510711&ns=1&abbucket=1,19.80,逸观图书专营店,//store.taobao.com/shop/view_shop.htm?user_number_id=2738784795
143,阿文的小毯子,美国凯迪克金奖启发绘本 阿文的小毯子 走进孩子的内心世界儿童书,//item.taobao.com/item.htm?id=577198874848&ns=1&abbucket=1#detail,5.00,威尔问我54,//store.taobao.com/shop/view_shop.htm?user_number_id=274338157
144,阿文的小毯子,英文版绘本 阿文的小毯子 OWEN少幼儿童小学英语启蒙图画故事书,//item.taobao.com/item.htm?id=577650209950&ns=1&abbucket=1#detail,11.80,素雅名妆坊,//store.taobao.com/shop/view_shop.htm?user_number_id=2999370912
145,阿文的小毯子,英文版绘本 阿文的小毯子 OWEN少幼儿童小学英语启蒙图画故事书,//item.taobao.com/item.htm?id=573289885873&ns=1&abbucket=1#detail,13.00,小博士企业店铺,//store.taobao.com/shop/view_shop.htm?user_number_id=3966285863
146,阿文的小毯子,美国凯迪克金奖启发绘本 阿文的小毯子 走进孩子的内心世界儿童书,//item.taobao.com/item.htm?id=576056792274&ns=1&abbucket=1#detail,3.30,鲁迅图书企业店,//store.taobao.com/shop/view_shop.htm?user_number_id=3869273982
147,阿文的小毯子,【官方新版精装-专家导读】【美国凯迪克大奖】阿文的小毯子启发少幼儿童家庭情商早教正版精装绘本故事图画书籍 0-3-6岁,//detail.tmall.com/item.htm?id=535717947929&ns=1&abbucket=1,22.80,鑫盛源图书专营店,//store.taobao.com/shop/view_shop.htm?user_number_id=2347383354
148,阿文的小毯子,正版精装【美国凯迪克大奖-专家导读】阿文的小毯子 少幼儿童宝宝亲子情商家庭早教故事图画书籍阅读物0-3-5-6-8岁 启发绘本馆,//detail.tmall.com/item.htm?id=541072590793&ns=1&abbucket=1,22.50,万隆图书专营店,//store.taobao.com/shop/view_shop.htm?user_number_id=2096708072
149,阿文的小毯子,阿文的小毯子 启发系列绘本 精装绘本图画书 3-6岁少幼儿童心理情绪情商管理绘本幼儿园宝宝启蒙认知卡通图书绘本故事河北教育出版,//detail.tmall.com/item.htm?id=38773580108&ns=1&abbucket=1,24.80,蓝鲸图书专营店,//store.taobao.com/shop/view_shop.htm?user_number_id=326496400
150,阿文的小毯子,10册我讨厌妈妈 阿文的小毯子 想吃苹果的鼠小弟 我喜欢自己 我喜欢书 不一样的小豆豆 小真的长头发 月亮生日快乐 大卫不可以绘本,//detail.tmall.com/item.htm?id=575497432096&ns=1&abbucket=1,175.20,德尚图书专营店,//store.taobao.com/shop/view_shop.htm?user_number_id=2510297892
151,阿文的小毯子,阿文的小毯子 凯文·亨克斯 河北教育出版社 启发系列绘本 儿童书 图画书 正版全新 精装,//detail.tmall.com/item.htm?id=550060193034&ns=1&abbucket=1,22.00,淘淘智汇图书专营店,//store.taobao.com/shop/view_shop.htm?user_number_id=1607281460
152,阿文的小毯子,阿文的小毯子硬壳精装图画书启发绘本儿童故事幼儿园入学推荐书目适合3岁以上亲子阅读 阿文的小毯子 绘本 阿文的小毯子 绘本精装,//detail.tmall.com/item.htm?id=45165487191&ns=1&abbucket=1,19.50,笨妈妈图书专营店,//store.taobao.com/shop/view_shop.htm?user_number_id=2450967444
153,阿文的小毯子,魔法亲亲阿文的小毯子我好担心我爱幼儿园世界精选图画书入园必备,//item.taobao.com/item.htm?id=568250881109&ns=1&abbucket=1#detail,69.80,春到运来,//store.taobao.com/shop/view_shop.htm?user_number_id=263187003
154,阿文的小毯子,启发绘本馆 阿文的小毯子 美国凯迪克大奖 幼儿童早教启蒙绘本图书 睡前童话故事漫画书适合3-4-5-6岁畅销亲子读物儿童文学书籍,//detail.tmall.com/item.htm?id=18014965224&ns=1&abbucket=1,17.88,博凡图书专营店,//store.taobao.com/shop/view_shop.htm?user_number_id=479876952
155,阿文的小毯子,【新华书店正版书籍】阿文的小毯子硬壳精装图画书启发绘本儿童故事幼儿园入学推荐书目适合3岁以上亲子阅读正版童书,//detail.tmall.com/item.htm?id=567807964127&ns=1&abbucket=1,22.30,保亭新华书店图书专营店,//store.taobao.com/shop/view_shop.htm?user_number_id=3301334541
156,阿文的小毯子,正版包邮 阿文的小毯子硬壳精装图画书启发绘本儿童故事幼儿园入学推荐书目适合3岁以上亲子阅读正版童书,//detail.tmall.com/item.htm?id=538142572407&ns=1&abbucket=1,21.00,读乐尔图书专营店,//store.taobao.com/shop/view_shop.htm?user_number_id=2788927577
157,阿文的小毯子,信谊世界精选图画书 魔法亲亲 小阿力的大学校 阿文的小毯子全3册精装 0-3-6岁儿童心理情绪情商管理启蒙读物 幼儿园入园准备必读,//detail.tmall.com/item.htm?id=539139664100&ns=1&abbucket=1,65.50,宏聿教育图书专营店,//store.taobao.com/shop/view_shop.htm?user_number_id=2336134637
158,阿文的小毯子,阿文的小毯子【新华书店正版书籍】,//detail.tmall.com/item.htm?id=559166564689&ns=1&abbucket=1,23.37,凤凰新华书店旗舰店,//store.taobao.com/shop/view_shop.htm?user_number_id=288902762
159,阿文的小毯子,正版包邮精装 启发绘本馆 阿文的小毯子美国凯迪克大奖幼儿童早教启蒙绘本图书睡前童话故事漫画书 3-6岁畅销亲子读物儿童文学书籍,//detail.tmall.com/item.htm?id=535438362287&ns=1&abbucket=1,28.80,海星图书专营店,//store.taobao.com/shop/view_shop.htm?user_number_id=2734738836
160,阿文的小毯子,正版包邮启发绘本阿文的小毯子精装硬皮少幼读物图画故事书凯迪克奖亲子沟通凯文亨克斯方素珍小学生一二三年级课外书推荐书目,//item.taobao.com/item.htm?id=548909358350&ns=1&abbucket=1#detail,19.37,三味童书屋,//store.taobao.com/shop/view_shop.htm?user_number_id=2885670763
161,阿文的小毯子,阿文的小毯子(精) 儿童绘本 启发系列绘本 0-3-4-5-6-7-10岁 早教启蒙认知 童书卡通图画书 正版畅销书籍 木垛图书,//detail.tmall.com/item.htm?id=524653220303&ns=1&abbucket=1,22.50,木垛图书专营店,//store.taobao.com/shop/view_shop.htm?user_number_id=1961939153
162,阿文的小毯子,正版部分地区包邮 豚宝宝绘本 阿文的小毯子 世界经典童话故事2-3-5-6岁睡前图画书,//detail.tmall.com/item.htm?id=540210399485&ns=1&abbucket=1,28.80,桑乾图书专营店,//store.taobao.com/shop/view_shop.htm?user_number_id=766574533
163,阿文的小毯子,阿文的小毯子 凯文·亨克斯 河北教育出版社9787543464650 正版书籍2015年12月出版【新华书店直接发货】,//detail.tmall.com/item.htm?id=575822496169&ns=1&abbucket=1,22.70,孤星行图书专营店,//store.taobao.com/shop/view_shop.htm?user_number_id=2780062760
164,阿文的小毯子,阿文的小毯子硬壳精装图画书启发绘本儿童故事幼儿园入学推荐书目适合3岁以上亲子阅读正版绘本故事童书,//detail.tmall.com/item.htm?id=578133008224&ns=1&abbucket=1,29.80,阿斯龙图书专营店,//store.taobao.com/shop/view_shop.htm?user_number_id=2992411480
165,阿文的小毯子,启发精选美国凯迪克大奖绘本 阿文的小毯子 3-4-5-6岁幼儿童入园准备图书籍 亲子读物 宝宝睡前故事书,//detail.tmall.com/item.htm?id=45007702618&ns=1&abbucket=1,23.80,新又雅图书专营店,//store.taobao.com/shop/view_shop.htm?user_number_id=818995812
166,阿文的小毯子,正版精装 启发绘本馆 阿文的小毯子 美国凯迪克大奖 幼儿童早教启蒙绘本图书 睡前童话故事漫画书 3-6岁畅销亲子读物儿童文学书籍,//detail.tmall.com/item.htm?id=520590367831&ns=1&abbucket=1,26.80,北京爱阅图书专营店,//store.taobao.com/shop/view_shop.htm?user_number_id=2264184129
167,阿文的小毯子,阿文的小毯子启发少幼儿童家庭情商早教正版精装绘本故事图画书籍 0-3-6岁,//detail.tmall.com/item.htm?id=562887784204&ns=1&abbucket=1,28.00,同娱图书专营店,//store.taobao.com/shop/view_shop.htm?user_number_id=2467819900
168,阿文的小毯子,阿文的小毯子 启发精选美国凯迪克大奖绘本 7-10岁精装绘本 儿童启蒙教育童书 亲子共读漫画故事书,//detail.tmall.com/item.htm?id=45715358388&ns=1&abbucket=1,20.26,渊博图书音像专营店,//store.taobao.com/shop/view_shop.htm?user_number_id=2351467465
169,阿文的小毯子,【美国凯迪克大奖】阿文的小毯子 0-3-4-5-6-7-10岁少幼儿童宝宝亲子情商家庭早教故事图画书籍阅读物 启发绘本馆 早教启蒙认知,//detail.tmall.com/item.htm?id=546508584790&ns=1&abbucket=1,19.90,悦悦图书专营店,//store.taobao.com/shop/view_shop.htm?user_number_id=2041592426
170,阿文的小毯子,启发绘本 阿文的小毯子 美国凯迪克大奖 少幼儿童家庭情商早教正版精装绘本故事图画书籍 0-3-6岁正版,//detail.tmall.com/item.htm?id=538045249532&ns=1&abbucket=1,25.60,小海豚图书音像专营店,//store.taobao.com/shop/view_shop.htm?user_number_id=2822666664
171,阿文的小毯子,信谊图画书 小阿力的大学校+阿文的小毯子+魔法亲亲精装绘本全3册 0--6岁儿童心理情绪情商管理启蒙读物 幼儿园入园准备,//detail.tmall.com/item.htm?id=562323356983&ns=1&abbucket=1,76.80,新经典一力图书专营店,//store.taobao.com/shop/view_shop.htm?user_number_id=1963685251
172,阿文的小毯子,阿文的小毯子 (美)凯文·亨克斯(Kevin Henkes) 文图;方素珍 译 著作 绘画/漫画/连环画/卡通故事少儿 新华书店正版图书籍,//detail.tmall.com/item.htm?id=534368683176&ns=1&abbucket=1,21.20,新华在线图书专营店,//store.taobao.com/shop/view_shop.htm?user_number_id=2455124912
173,阿文的小毯子,阿文的小毯子 启发美国凯迪克大奖绘本 3-6岁精装绘本 亲子趣味性知识性图画书,//detail.tmall.com/item.htm?id=527743846750&ns=1&abbucket=1,20.86,爱贝图书专营店,//store.taobao.com/shop/view_shop.htm?user_number_id=2716949159
174,阿文的小毯子,2本包邮】正版阿文的小毯子河北教育出版社硬皮壳精装绘本幼儿园入学推荐书目0-3-4岁儿童睡前图画书5-6周岁启蒙认知早教故事书,//detail.tmall.com/item.htm?id=559016206172&ns=1&abbucket=1,22.80,喜儿图书专营店,//store.taobao.com/shop/view_shop.htm?user_number_id=722760050
175,奥莉薇,英文原版英文书籍全儿童英文版英语正版进口,https://click.simba.taobao.com/cc_im?p=%B0%C2%C0%F2%DE%B1%20%CA%E9&s=2047837979&k=673&e=iX1XFY1V6c2t22AnVqyFWpRv8hFscwj9QPqXkOI3ySg%2FLRi8TQvRmTu0Ye%2Fi%2F9EYA%2F5XvVncL2E%2F3T8UU1fEmWfmpVX%2B2moE7iiNA4%2BOLAKLcOSVir%2FilnwpQfw3VnvOmIJ5SL7NNrbNsTrfmFaJ8bfdQPCz%2BDc51klomRLA7MwLGIO54zRfxBsA48hTQWahcQrmWOUtxl0EkHbPMvcSDVK61w%2FYPEDOCSUBQ2uHCHF7f0%2FfcukAW61u%2F92aKFhNmLhiJLft%2Brm1eqpUqdAkU2Z5KIC9cf7mzUb2D0lqBErOFqLlgOMjpkhCldScedqyj5zP9vnwH6stlBC9jUyI2zvMvjTJOLXiUCSZP9zT%2BnGdqFzpETHMinbmraShLuIVj3ha0tthpJjHbPbqtqz16MmoxfLlVlSif5YkwiecrvLFNGyoGNi6K8w%2F5mt%2FYu%2FQTvOoOS3OPT%2BO%2BVFe0PR8n85cNMC%2Fg3BhzxYVJ7mkY%2FeCPCVb7UR69A9a3%2FVOBNYnLkOulNi%2FMfMC0jhogQHcmzUofYdo5SBEvoPw1I1ScLCovB2idT8cIIe2egJzu9tafHq4ITn%2FZMIEl%2B5lDg8tztVOuKc0xxj1Xft3IF0s9oeDfOTCdVQTmo91WLxU43ior8Juo7%2BWQrncC2vhBBnfpdWU5bIb5eV0,39.80,华研图书专营店,https://click.simba.taobao.com/cc_im?p=%B0%C2%C0%F2%DE%B1%20%CA%E9&s=2047837979&k=633&e=u9hIKm4DTMCt22AnVqyFWpRv8hFscwj9QPqXkOI3ySg%2FLRi8TQvRmTu0Ye%2Fi%2F9EYA%2F5XvVncL2GJW3u264qTXGfmpVX%2B2moE7iiNA4%2BOLAKLcOSVir%2FilnwpQfw3VnvOmIJ5SL7NNrbNsTrfmFaJ8bfdQPCz%2BDc51klomRLA7MwLGIO54zRfxBsA48hTQWahcQrmWOUtxl0EkHbPMvcSDVK61w%2FYPEDOCSUBQ2uHCHF7f0%2FfcukAW61u%2F92aKFhNmLhiJLft%2Brm1eqpUqdAkU2Z5KIC9cf7mzUb2D0lqBErOFqLlgOMjpkhCldScedqyj5zP9vnwH6stlBC9jUyI2zvMvjTJOLXiUCSZP9zT%2BnGdqFzpETHMinbmraShLuIVj3ha0tthpJjHbPbqtqz16MmoxfLlVlSif5YkwiecrvLFNGyoGNi6K8w%2F5mt%2FYu%2FQTvOoOS3OPT%2BO%2BVFe0PR8nzYiwlawpHa5EpOopPihVZe431yoBiccAxKgEK%2FMQgM83xA8lvts5b9kQSrPcUChsjOpMUMOF2d7KxsIAezYiVR6zs1rr2FRQnKdclPB63gvBiWW7GIU2wITeTalCmNKgQ525kxp%2BqctQqse%2B76s3H1zDaCWoliSzQ%3D%3D
176,奥莉薇,2825963|奥莉薇的幽灵酒店-中英对照,//detail.tmall.com/item.htm?id=17358976547&ad_id=&am_id=&cm_id=140105335569ed55e27b&pm_id=&abbucket=1,12.00,安倍优佳图书专营店,//store.taobao.com/shop/view_shop.htm?user_number_id=349908536
177,奥莉薇,奥莉薇拯救马戏团 (美)伊恩·福尔克纳(Ian Falconer) 著;范晓星 译 绘本 河北教育出版社 正版畅销图书籍奥莉薇拯救马戏团(精),//detail.tmall.com/item.htm?id=568664418342&ad_id=&am_id=&cm_id=140105335569ed55e27b&pm_id=&abbucket=1,22.30,汉唐图书音像专营店,//store.taobao.com/shop/view_shop.htm?user_number_id=3893533596
178,奥莉薇,【当当网 正版童书】奥莉薇精选绘本系列*辑（1-10册）含（奥莉薇量身高）,//detail.tmall.com/item.htm?id=542184594870&ns=1&abbucket=1,77.40,当当网官方旗舰店,//store.taobao.com/shop/view_shop.htm?user_number_id=1049653664
179,奥莉薇,奥莉薇——（启发童书馆出品）,//detail.tmall.com/item.htm?id=559381217868&ns=1&abbucket=1,17.40,当当网官方旗舰店,//store.taobao.com/shop/view_shop.htm?user_number_id=1049653664
180,奥莉薇,美国凯迪克大奖】奥莉薇绘本 精装硬壳绘本幼儿童宝宝亲子情商启蒙睡前童话绘本故事图画书籍 幼儿园0-1-2-3-4-5-6-7-8岁启蒙绘本,//detail.tmall.com/item.htm?id=559182615727&ns=1&abbucket=1,19.50,睿和婉图书专营店,//store.taobao.com/shop/view_shop.htm?user_number_id=1969598278
181,奥莉薇,包邮正版　奥莉薇——（启发童书馆出品） 学校重点推荐绘本　你们的好朋友“奥莉薇”要闪亮登场了！ 河北教育出版社,//detail.tmall.com/item.htm?id=577426461883&ns=1&abbucket=1,29.80,思图博雅图书专营店,//store.taobao.com/shop/view_shop.htm?user_number_id=720904173
182,奥莉薇,奥莉薇硬壳精装图画书启发绘本获凯迪克银奖作品适合2岁以上亲子共读正版童书,//detail.tmall.com/item.htm?id=524854423243&ns=1&abbucket=1,24.30,书泽图书专营店,//store.taobao.com/shop/view_shop.htm?user_number_id=2732585974
183,奥莉薇,奥莉薇拯救马戏团奥莉薇不想当公主 奥莉薇全3册硬壳精装绘本图画书启发正版童书小猪干净了,//detail.tmall.com/item.htm?id=546516444157&ns=1&abbucket=1,66.70,书泽图书专营店,//store.taobao.com/shop/view_shop.htm?user_number_id=2732585974
184,奥莉薇,【美国凯迪克大奖】正版奥莉薇精装少幼儿童宝宝亲子情商启蒙睡前童话绘本故事图画书籍0-1-2-3-4-5-6-7-8岁启发,//detail.tmall.com/item.htm?id=37088620665&ns=1&abbucket=1,23.50,旭阳图书专营店,//store.taobao.com/shop/view_shop.htm?user_number_id=1098646930
185,奥莉薇,儿童绘本0-3-6周岁 奥莉薇(精)漫画书 宝宝正版精装故事书 幼儿启蒙亲子早教书籍 幼儿园早教画书,//detail.tmall.com/item.htm?id=559061329707&ns=1&abbucket=1,19.30,乐一乐图书专营店,//store.taobao.com/shop/view_shop.htm?user_number_id=2385442788
186,奥莉薇,【新华书店】 奥莉薇不想当公主 (美)伊恩·福尔克纳(Ian Falconer) 文图;柳漾 译 著作 绘画/漫画/连环画/卡通故事少儿 新华书店,//detail.tmall.com/item.htm?id=533566531555&ns=1&abbucket=1,21.00,新华文轩网络书店,//store.taobao.com/shop/view_shop.htm?user_number_id=101450072
187,奥莉薇,没头脑和不高兴 注音版  共四本 没头脑和不高兴注音版二年级 雪孩子九色鹿小蝌蚪儿童绘本 一二年级课外阅读书 奥莉薇(精),//detail.tmall.com/item.htm?id=560569610116&ns=1&abbucket=1,38.50,济南常青藤图书专营店,//store.taobao.com/shop/view_shop.htm?user_number_id=2451699564
188,奥莉薇,奥莉薇游威尼斯（启发童书馆出品）风靡全球的小猪奥莉薇又来啦！,//detail.tmall.com/item.htm?id=575427896711&ns=1&abbucket=1,26.80,笨妈妈图书专营店,//store.taobao.com/shop/view_shop.htm?user_number_id=2450967444
189,奥莉薇,奥莉薇拯救马戏团  绘本 精装塑封儿童图画书 适用于0-3-4-6-7岁儿童书籍读物 幼儿亲子辅教启发,//detail.tmall.com/item.htm?id=42511457595&ns=1&abbucket=1,27.00,旭阳图书专营店,//store.taobao.com/shop/view_shop.htm?user_number_id=1098646930
190,奥莉薇,精装绘本 奥莉薇 精装绘本 正版精装少幼儿童宝宝亲子情商启蒙睡前童话绘本故事图画书籍 河北教育出版社,//detail.tmall.com/item.htm?id=43437581288&ns=1&abbucket=1,22.80,鑫盛源图书专营店,//store.taobao.com/shop/view_shop.htm?user_number_id=2347383354
191,奥莉薇,硬壳精装【凯迪克大奖-专家导读】奥莉薇0-3-6周岁儿童绘本 幼儿故事书 宝宝启蒙绘本图画书 幼儿园绘本 早教书 儿童读物 启发,//detail.tmall.com/item.htm?id=541041288822&ns=1&abbucket=1,23.50,万隆图书专营店,//store.taobao.com/shop/view_shop.htm?user_number_id=2096708072
192,奥莉薇,硬壳精装【大奖绘本】奥莉薇不想当公主0-3-6周岁儿童绘本 幼儿故事书 宝宝启蒙绘本图画书 幼儿园绘本 早教书 儿童读物 启发,//detail.tmall.com/item.htm?id=547042389175&ns=1&abbucket=1,24.50,读乐尔图书专营店,//store.taobao.com/shop/view_shop.htm?user_number_id=2788927577
193,奥莉薇,【曹格等明星推荐绘本】奥莉薇系列套装全三册 精装 荣获美国凯迪克大奖启发绘本儿童艺术认知早教情商绘本 故事图画书3-6-9周岁,//detail.tmall.com/item.htm?id=527702485511&ns=1&abbucket=1,70.28,爱贝图书专营店,//store.taobao.com/shop/view_shop.htm?user_number_id=2716949159
194,奥莉薇,奥莉薇(精装) 伊恩·福尔克纳 著作 绘画/漫画/连环画/卡通故事少儿 新华书店正版图书籍 河北教育出版社 文轩网,//detail.tmall.com/item.htm?id=574418424906&ns=1&abbucket=1,22.60,新华文轩网络书店,//store.taobao.com/shop/view_shop.htm?user_number_id=101450072
195,奥莉薇,奥莉薇拯救马戏团 畅销书籍 绘本 正版奥莉薇拯救马戏团(精),//detail.tmall.com/item.htm?id=552585506449&ns=1&abbucket=1,21.70,济南报业图书专营店,//store.taobao.com/shop/view_shop.htm?user_number_id=2890685839
196,奥莉薇,启发系列精装绘本 奥莉薇(精) 3-4-5-6岁幼儿童绘本故事书籍 幼儿童宝宝亲子情商启蒙睡前童话 绘本故事图画书籍 凯迪克获奖绘本,//detail.tmall.com/item.htm?id=558610197774&ns=1&abbucket=1,25.30,阿斯龙图书专营店,//store.taobao.com/shop/view_shop.htm?user_number_id=2992411480
197,奥莉薇,【曹格等明星推荐绘本】启发绘本奥莉薇不想当公主精推荐情商教育启蒙儿童艺术认知早教 绘本故事图画书籍3-6-9岁启蒙认知亲子早教,//detail.tmall.com/item.htm?id=527652963876&ns=1&abbucket=1,23.66,爱贝图书专营店,//store.taobao.com/shop/view_shop.htm?user_number_id=2716949159
198,奥莉薇,【美国凯迪克大奖作品】正版 奥莉薇 精装绘本 少幼儿童宝宝亲子情商启蒙睡前童话绘本故事图画书籍0-1-2-3-4-5-6-8岁启发精选绘本,//detail.tmall.com/item.htm?id=38767129850&ns=1&abbucket=1,23.80,蓝鲸图书专营店,//store.taobao.com/shop/view_shop.htm?user_number_id=326496400
199,奥莉薇,【新华书店官网】奥莉薇 获凯迪克银奖作品适合2岁以上亲子共读 儿童宝宝亲子情商启蒙睡前童话绘本故事图画书 精装绘本,//detail.tmall.com/item.htm?id=567929141113&ns=1&abbucket=1,22.30,保亭新华书店图书专营店,//store.taobao.com/shop/view_shop.htm?user_number_id=3301334541
200,奥莉薇,硬壳精装【凯迪克银牌奖】奥莉薇拯救马戏团 0-3-6周岁儿童绘本 幼儿故事书 宝宝启蒙绘本图画书 幼儿园绘本 早教书 儿童读物 启发,//detail.tmall.com/item.htm?id=569430175870&ns=1&abbucket=1,19.70,保亭新华书店图书专营店,//store.taobao.com/shop/view_shop.htm?user_number_id=3301334541
201,奥莉薇,奥莉薇拯救马戏团 (美)福尔克纳【新华书店正版书籍】,//detail.tmall.com/item.htm?id=535453757188&ns=1&abbucket=1,24.67,凤凰新华书店旗舰店,//store.taobao.com/shop/view_shop.htm?user_number_id=288902762
202,奥莉薇,【学校推荐美国凯迪克大奖绘本】奥莉薇绘本 儿童3-6周岁精装图画故事书 少幼儿童宝宝亲子情商启蒙睡前童话绘本故事图画图书籍,//detail.tmall.com/item.htm?id=539752154076&ns=1&abbucket=1,22.60,悦悦图书专营店,//store.taobao.com/shop/view_shop.htm?user_number_id=2041592426
203,奥莉薇,【学校推荐美国凯迪克大奖绘本】奥莉薇不想当公主绘本 儿童3-6周岁精装图画故事书 少幼儿童宝宝亲子情商启蒙睡前童话绘本故事书,//detail.tmall.com/item.htm?id=533321604504&ns=1&abbucket=1,21.40,悦悦图书专营店,//store.taobao.com/shop/view_shop.htm?user_number_id=2041592426
204,奥莉薇,硬壳精装【大奖绘本】奥莉薇不想当公主0-3-6周岁儿童绘本 幼儿故事书 宝宝启蒙绘本图画书 幼儿园绘本 早教书 儿童读物 启发,//detail.tmall.com/item.htm?id=546664277012&ns=1&abbucket=1,24.80,万隆图书专营店,//store.taobao.com/shop/view_shop.htm?user_number_id=2096708072
205,奥莉薇,美国凯迪克大奖系列 正版 启发精选绘本 奥莉薇 宝宝少儿幼儿童绘本图书0-3-4-5-6-7-10岁绘本图画故事书经典版读物,//detail.tmall.com/item.htm?id=553403661718&ns=1&abbucket=1,20.80,至坚图书专营店,//store.taobao.com/shop/view_shop.htm?user_number_id=684063648
206,奥莉薇,奥莉薇 启发儿童绘本系列儿童书籍 0-3-6岁 幼儿园老师推荐,//item.taobao.com/item.htm?id=573970735464&ns=1&abbucket=1#detail,5.00,爱在摩天轮520,//store.taobao.com/shop/view_shop.htm?user_number_id=676266450
207,奥莉薇,奥莉薇(精装) 凯迪克银奖作品 启发系列绘本故事书 精装图画书 儿童书 笨妈妈,//detail.tmall.com/item.htm?id=45052585254&ns=1&abbucket=1,23.50,笨妈妈图书专营店,//store.taobao.com/shop/view_shop.htm?user_number_id=2450967444
208,奥莉薇,正版包邮启发精选美国凯迪克大奖绘本奥莉薇经典精装绘本亲子共读儿童早教书0-6岁幼儿启蒙绘本故事图画书河北教育出版社,//detail.tmall.com/item.htm?id=571237277832&ns=1&abbucket=1,25.30,蓝宝石图书专营店,//store.taobao.com/shop/view_shop.htm?user_number_id=2734038668
209,奥莉薇,正版奥莉薇精装少幼儿童宝宝亲子情商启蒙睡前童话绘本故事图画书籍,//detail.tmall.com/item.htm?id=543842933221&ns=1&abbucket=1,21.50,苏州冶金图书专营店,//store.taobao.com/shop/view_shop.htm?user_number_id=714475036
210,奥莉薇,【学校推荐美国凯迪克大奖绘本】奥莉薇绘本 儿童3-6周岁精装图画故事书 少幼儿童宝宝亲子早教启蒙情商管理绘本 睡前童话故事书籍,//detail.tmall.com/item.htm?id=568107565340&ns=1&abbucket=1,25.80,曲江培豪图书专营店,//store.taobao.com/shop/view_shop.htm?user_number_id=1710357940
211,奥莉薇,美国凯迪克大奖系列 正版 启发绘本 奥莉薇 宝宝少儿幼儿童绘本图书0-3-4-5-6-7-10岁绘本图画故事书经典版读物 亲子睡前故事,//detail.tmall.com/item.htm?id=538059806141&ns=1&abbucket=1,24.90,读乐尔图书专营店,//store.taobao.com/shop/view_shop.htm?user_number_id=2788927577
212,奥莉薇,奥莉薇不想当公主 儿童读物奥莉薇遇到奥莉薇启发 亲子阅读 宝宝启蒙认知早教 宝宝幼儿童绘本故事书 0-3-4-5-6-7-8岁幼儿童绘画书,//detail.tmall.com/item.htm?id=553343349666&ns=1&abbucket=1,23.80,至坚图书专营店,//store.taobao.com/shop/view_shop.htm?user_number_id=684063648
213,奥莉薇,【凯迪克大奖获奖作品】奥莉薇 获凯迪克银奖作品适合2岁以上亲子共读 儿童宝宝亲子情商启蒙睡前童话绘本故事图画书 精装绘本,//detail.tmall.com/item.htm?id=536227795376&ns=1&abbucket=1,26.62,凤凰新华书店旗舰店,//store.taobao.com/shop/view_shop.htm?user_number_id=288902762
214,奥莉薇,正版童书:奥莉薇精选绘本系列第一辑(1-10册) 报佳音 绘本图画书,//item.taobao.com/item.htm?id=578519303110&ns=1&abbucket=1#detail,77.40,报佳音bjy,//store.taobao.com/shop/view_shop.htm?user_number_id=517407542
215,奥莉薇,奥莉薇(精装) 伊恩·福尔克纳 著作 绘画/漫画/连环画/卡通故事少儿 新华书店正版图书籍 河北教育出版社,//detail.tmall.com/item.htm?id=565132625706&ns=1&abbucket=1,22.20,学海之舟图书专营店,//store.taobao.com/shop/view_shop.htm?user_number_id=3715517208
216,奥莉薇,奥莉薇 启发精装绘本 3-4-5-6岁幼儿童绘本故事书籍 幼儿童宝宝亲子情商启蒙睡前童话 绘本故事图画书籍 凯迪克获奖绘本,//detail.tmall.com/item.htm?id=541023783964&ns=1&abbucket=1,21.00,朗朗书海图书专营店,//store.taobao.com/shop/view_shop.htm?user_number_id=2423751113
217,奥莉薇,正版启发美国凯迪克大奖绘本 奥莉薇（精） 金波梅子涵推荐 幼儿园 3-6岁幼儿童畅销图画故事绘本童书籍,//detail.tmall.com/item.htm?id=45489330987&ns=1&abbucket=1,22.00,广州青果图书专营店,//store.taobao.com/shop/view_shop.htm?user_number_id=1791246389
218,奥莉薇,启发美国凯迪克大奖绘本 奥莉薇 3-6岁精装绘本 儿童启蒙教育童书 亲子共读漫画故事书,//detail.tmall.com/item.htm?id=45575086253&ns=1&abbucket=1,20.26,渊博图书音像专营店,//store.taobao.com/shop/view_shop.htm?user_number_id=2351467465
219,奥莉薇,启发系列精装绘本 奥莉薇(精) 3-4-5-6岁幼儿童绘本故事书籍 幼儿童宝宝亲子情商启蒙睡前童话 绘本故事图画书籍 凯迪克获奖绘本,//detail.tmall.com/item.htm?id=559394817019&ns=1&abbucket=1,23.50,逸观图书专营店,//store.taobao.com/shop/view_shop.htm?user_number_id=2738784795
220,奥莉薇,正版包邮 奥莉薇 注音版绘本 一二年级儿童绘本图画故事书,//item.taobao.com/item.htm?id=576718669097&ns=1&abbucket=1#detail,9.50,卓赫书城,//store.taobao.com/shop/view_shop.htm?user_number_id=4129289950
221,奥莉薇,启发系列精装绘本 奥莉薇(精) 3-4-5-6岁幼儿童绘本故事书籍 幼儿童宝宝亲子情商启蒙睡前童话 绘本故事图画书籍 凯迪克获奖绘本,//detail.tmall.com/item.htm?id=556502470961&ns=1&abbucket=1,26.80,朗美图书专营店,//store.taobao.com/shop/view_shop.htm?user_number_id=2421182354
222,奥莉薇,启发系列精装绘本 奥莉薇(精) 3-4-5-6岁幼儿童绘本故事书籍 幼儿童宝宝亲子情商启蒙睡前童话 绘本故事图画书籍 凯迪克获奖绘本,//detail.tmall.com/item.htm?id=565894969434&ns=1&abbucket=1,22.80,荣誉图书专营,//store.taobao.com/shop/view_shop.htm?user_number_id=1756202240
